901, 1
﻿ADIS002, 1507
﻿ADIS004, 41
﻿ADIS006, 1
﻿ADIS011, 80
﻿ADIS012, 100
﻿ADIS032, 2000
﻿ADIS036, 2000
﻿ADIS044, 95
﻿ADIS045, 12861.666
﻿ADIS048, 5976
﻿ADIS053, 50000
﻿AK1/10, 3
﻿AK1/12, 10
﻿AK1/6, 17
﻿AK1/7, 2
﻿AK1/8, 1
﻿AK1/9, 1
﻿AK10/1, 11
﻿AK10/13, 9
﻿AK10/14, 2
﻿AK10/15, 47
﻿AK10/16, 9
﻿AK10/17, 2
﻿AK10/19, 2
﻿AK10/2, 3
﻿AK10/20, 2
﻿AK10/21, 1
﻿AK10/22, 4
﻿AK10/23, 5
﻿AK10/26, 4
﻿AK10/27, 4
﻿AK10/28, 2
﻿AK10/30, 7
﻿AK10/34, 1
﻿AK10/36, 11
﻿AK10/37, 2
﻿AK10/42, 1
﻿AK10/43, 1
﻿AK10/44, 2
﻿AK10/45, 2
﻿AK10/46, 2
﻿AK10/51, 1
﻿AK10/53, 1
﻿AK10/7, 1
﻿AK11/13, 3
﻿AK11/15, 10
﻿AK11/16, 1
﻿AK11/2, 8
﻿AK11/20, 2
﻿AK11/22, 20
﻿AK11/24, 5
﻿AK11/25, 1
﻿AK11/26, 1
﻿AK11/28, 2
﻿AK11/3, 1
﻿AK11/31, 1
﻿AK11/33, 5
﻿AK11/34, 3
﻿AK11/35, 4
﻿AK11/37, 3
﻿AK11/38, 2
﻿AK11/40, 5
﻿AK11/41, 10
﻿AK11/42, 1
﻿AK11/43, 2
﻿AK11/50, 3
﻿AK11/52, 2
﻿AK11/55, 20
﻿AK11/56, 10
﻿AK11/57, 10
﻿AK11/59, 12
﻿AK11/60, 7
﻿AK11/61, 18
﻿AK11/63, 10
﻿AK11/64, 5
﻿AK11/65, 3
﻿AK11/66, 4
﻿AK11/67, 8
﻿AK11/72, 1
﻿AK11/74, 3
﻿AK11/76, 1
﻿AK11/81, 1
﻿AK11/82, 1
﻿AK12/10, 5
﻿AK12/11, 1
﻿AK12/12, 1
﻿AK12/13, 1
﻿AK12/18, 1
﻿AK12/19, 6
﻿AK12/2, 2
﻿AK12/20, 2
﻿AK12/21, 2
﻿AK12/22, 3
﻿AK12/24, 4
﻿AK12/25, 4
﻿AK12/26, 2
﻿AK12/27, 6
﻿AK12/29, 2
﻿AK12/31, 3
﻿AK12/32, 1
﻿AK12/34, 1
﻿AK12/35, 1
﻿AK12/36, 1
﻿AK12/37, 1
﻿AK12/42, 1
﻿AK12/44, 12
﻿AK12/45, 3
﻿AK12/46, 14
﻿AK12/47, 6
﻿AK12/48, 6
﻿AK12/49, 6
﻿AK12/50, 4
﻿AK12/51, 2
﻿AK12/52, 20
﻿AK12/53, 4
﻿AK12/54, 4
﻿AK12/55, 4
﻿AK12/56, 4
﻿AK12/57, 3
﻿AK12/6, 2
﻿AK12/60, 1
﻿AK12/64, 1
﻿AK12/67, 3
﻿AK12/69, 95
﻿AK12/7, 3
﻿AK12/70, 206
﻿AK12/72, 1
﻿AK12/73, 19
﻿AK12/74, 8
﻿AK12/75, 4
﻿AK12/77, 1
﻿AK12/78, 4
﻿AK12/79, 5
﻿AK12/8, 25
﻿AK12/83, 4
﻿AK12/84, 5
﻿AK12/85, 6
﻿AK12/86, 4
﻿AK12/87, 2
﻿AK12/89, 1
﻿AK12/90, 2
﻿AK2/1, 3
﻿AK2/2, 9
﻿AK3/10, 1
﻿AK3/2, 7
﻿AK3/9, 6
﻿AK4/2, 4
﻿AK4/29, 1
﻿AK4/34, 2
﻿AK4/35, 5
﻿AK4/36, 4
﻿AK4/37, 2
﻿AK4/39, 3
﻿AK5/24, 3
﻿AK5/28, 2
﻿AK6/5, 1
﻿AK6/6, 1
﻿AK7/1, 6
﻿AK8/5, 4
﻿AK8/7, 1
﻿BAK008, 4
﻿BAK019, 20
﻿BAK020, 8
﻿BAK091, 5
﻿CAF703, 6
﻿CAF706, 2
﻿CAFE-29, 6
﻿CAFE10, 2
﻿CAFE11, 2
﻿CAFE4, 2
﻿CAFE8, 2
﻿CAFE9, 2
﻿CHEM001, 150
﻿CHEM002, 1650
﻿CHEM008, 250
﻿CHEM009, 470
﻿CHEM010, 990
﻿CHEM012, 9675
﻿CHEM015, 350
﻿CHEM018, 520
﻿CHEM020, 3840
﻿CHEM024, 7700
﻿CHEM025, 325
﻿CHEM027, 30
﻿CHEM029, 20
﻿CHEM032, 170
﻿CHEM037, 225
﻿CHEM038, 350
﻿CHEM046, 80
﻿CHEM050, 4350
﻿CHEM053, 1220
﻿CHEM056, 8240
﻿CHEM057, 1800
﻿CHEM059, 1610
﻿CHEM061, 50
﻿CHEM062, 290
﻿CHEM068, 850
﻿CHEM070, 650
﻿CHEM071, 1175
﻿CHEM074, 16
﻿CHEM076, 1
﻿CHEM077, 1048
﻿CHEM080, 160
﻿CHEM081, 144
﻿CHEM082, 755
﻿CHEM083, 70
﻿CHEM084, 350
﻿CHEM086, 1305
﻿CHEM087, 175
﻿CHEM089, 120
﻿CHEM090, 216
﻿CLN054, 20
﻿COMHAV-01, 2
﻿COMHAV-02, 2
﻿COMHAV-03, 1
﻿COMHAV-05, 4
﻿COMHAV-06, 1
﻿COMHAV-07, 2
﻿COMHAV-08, 1
﻿COMHAV-09, 4
﻿COMHAV-10, 2
﻿COMHAV-11, 5
﻿COMHAV-12, 6
﻿DRS/01, 5
﻿E24-010, 5
﻿E24-011, 2
﻿E24-012, 2
﻿E24-013, 2
﻿E24-014, 1
﻿E24-016, 2
﻿E24-017, 2
﻿E24-018, 3
﻿E24-019, 1
﻿E24-02, 17
﻿E24-021, 1
﻿E24-022, 1
﻿E24-023, 2
﻿E24-025, 2
﻿E24-026, 1
﻿E24-027, 7
﻿E24-028, 6
﻿E24-030, 1
﻿E24-031, 4
﻿E24-032, 3
﻿E24-033, 1
﻿E24-034, 1
﻿E24-035, 5
﻿E24-036, 10
﻿E24-038, 1
﻿E24-039, 4
﻿E24-041, 8
﻿E24-042, 1
﻿E24-043, 6
﻿E24-044, 1
﻿E24-045, 1
﻿E24-046, 10
﻿E24-048, 1
﻿E24-049, 1
﻿E24-051, 1
﻿E24-053, 1
﻿E24-054, 2
﻿E24-055, 2
﻿E24-056, 11
﻿E24-057, 4
﻿E24-06, 1
﻿E24-060, 1
﻿E24-063, 1
﻿E24-07, 2
﻿F118, 500
﻿F120, 1
﻿FAMT00300, 1
﻿FAMTO002, 4
﻿FAMTO010, 2
﻿FAMTO013, 2
﻿FAMTO014, 10
﻿FAMTO015, 1
﻿FAMTO016, 28
﻿FAMTO017, 1
﻿FAMTO0179, 2
﻿FAMTO019, 3
﻿FAMTO023, 20
﻿FAMTO028, 2
﻿FAMTO030, 50
﻿FAMTO031, 10
﻿FAMTO035, 6
﻿FAMTO036, 10
﻿FAMTO037, 10
﻿FAMTO038, 5
﻿FAMTO039, 3
﻿FAMTO041, 2
﻿FAMTO042, 3
﻿FAMTO043, 15
﻿FAMTO044, 3
﻿FAMTO056, 5
﻿FAMTO058, 2
﻿FAMTO068, 13
﻿FAMTO075, 20
﻿FAMTO076, 20
﻿FAMTO08, 10000
﻿FAMTO081, 6
﻿FAMTO085, 4
﻿FAMTO086, 4
﻿FAMTO087, 6
﻿FAMTO088, 24
﻿FAMTO089, 4
﻿FAMTO09, 2
﻿FAMTO196, 24
﻿FIN06, 8
﻿FINB001, 360
﻿FINF006, 564
﻿FINF008, 6
﻿FINM004, 23
﻿FINW002, 500
﻿FINW010, 650
﻿FINW011, 250
﻿FK01/0011, 8
﻿FM/204, 8
﻿FM/208, 4
﻿FM/209, 4
﻿FM/212, 1
﻿FM1/001, 138
﻿FM1/008, 500
﻿FM1/106, 20
﻿FM104, 575
﻿FM107, 1440
﻿FM114, 2
﻿FM116, 200
﻿FRANGER11, 4
﻿FRANGER14, 8
﻿FRANGER15, 2
﻿FS008, 8
﻿FS009, 273
﻿FS012, 45
﻿FS017, 95
﻿FS0179, 299
﻿FS018, 1600
﻿FS019, 25
﻿FS021, 140
﻿FS029, 110
﻿FS035, 250
﻿FS044, 80
﻿FS047, 1320
﻿FS060, 20
﻿FS070, 48.8
﻿FS072, 50
﻿FS082, 8
﻿FS091, 100
﻿FS116, 1
﻿FSO205, 19
﻿GED/959, 8
﻿GED/960, 9
﻿GED/961, 1
﻿GED/962, 6
﻿GED/964, 6
﻿GED/965, 7
﻿GED/967, 6
﻿GED/968, 4
﻿GED/969, 4
﻿GED1/104, 12
﻿GED1/149, 1
﻿GED1/150, 15
﻿GED1/151, 6
﻿GED1/181, 1
﻿GED2/081, 4
﻿GED2/089, 5
﻿GED2/090, 1
﻿GED2/100, 10
﻿GED2/1006, 2
﻿GED2/1013, 2
﻿GED2/1015, 2
﻿GED2/1016, 20
﻿GED2/1019, 1
﻿GED2/102, 9
﻿GED2/1022, 1
﻿GED2/1024, 9
﻿GED2/1028, 10
﻿GED2/105, 40
﻿GED2/1054, 2
﻿GED2/1056, 1
﻿GED2/1068, 9
﻿GED2/1069, 10
﻿GED2/1070, 9
﻿GED2/1073, 5
﻿GED2/1074, 2
﻿GED2/1075, 2
﻿GED2/1084, 7
﻿GED2/1097, 10
﻿GED2/112, 40
﻿GED2/114, 20
﻿GED2/117, 10
﻿GED2/120, 190
﻿GED2/122, 100
﻿GED2/127, 12
﻿GED2/128, 4
﻿GED2/131, 8
﻿GED2/134, 1
﻿GED2/135, 10
﻿GED2/136, 8
﻿GED2/137, 2
﻿GED2/138, 6
﻿GED2/139, 5
﻿GED2/140, 4
﻿GED2/145, 9
﻿GED2/157, 1
﻿GED2/159, 50
﻿GED2/160, 1
﻿GED2/163, 22
﻿GED2/166, 48
﻿GED2/17, 41
﻿GED2/177, 3
﻿GED2/179, 71
﻿GED2/18, 24
﻿GED2/180, 19
﻿GED2/181, 7
﻿GED2/183, 5
﻿GED2/184, 3
﻿GED2/185, 10
﻿GED2/187, 9
﻿GED2/188, 10
﻿GED2/189, 10
﻿GED2/19, 6
﻿GED2/192, 9
﻿GED2/195, 5
﻿GED2/198, 10
﻿GED2/2000, 10
﻿GED2/2001, 10
﻿GED2/2002, 10
﻿GED2/2003, 10
﻿GED2/2004, 10
﻿GED2/2005, 10
﻿GED2/2006, 10
﻿GED2/2007, 10
﻿GED2/2008, 10
﻿GED2/2010, 15
﻿GED2/2013, 10
﻿GED2/2014, 1
﻿GED2/2017, 2
﻿GED2/2019, 9871
﻿GED2/2020, 2
﻿GED2/2023, 10
﻿GED2/2024, 10
﻿GED2/2025, 5
﻿GED2/2026, 10
﻿GED2/2027, 10
﻿GED2/2028, 10
﻿GED2/2029, 1
﻿GED2/2030, 1
﻿GED2/2032, 1
﻿GED2/206, 13
﻿GED2/207, 6
﻿GED2/208, 13
﻿GED2/209, 5
﻿GED2/212, 2
﻿GED2/214, 3
﻿GED2/216, 2
﻿GED2/217, 4
﻿GED2/218, 3
﻿GED2/219, 2
﻿GED2/22, 10
﻿GED2/221, 4
﻿GED2/222, 1
﻿GED2/223, 4
﻿GED2/224, 1
﻿GED2/225, 14
﻿GED2/232, 2
﻿GED2/235, 2
﻿GED2/236, 2
﻿GED2/237, 20
﻿GED2/244, 33
﻿GED2/246, 9
﻿GED2/255, 1
﻿GED2/256, 2
﻿GED2/257, 1
﻿GED2/258, 1
﻿GED2/259, 2
﻿GED2/260, 1
﻿GED2/261, 1
﻿GED2/262, 2
﻿GED2/269, 2
﻿GED2/272, 2
﻿GED2/273, 1
﻿GED2/274, 99
﻿GED2/276, 5
﻿GED2/277, 5
﻿GED2/280, 8
﻿GED2/281, 2
﻿GED2/282, 3
﻿GED2/287, 5
﻿GED2/289, 7
﻿GED2/29, 1
﻿GED2/298, 4
﻿GED2/299, 2
﻿GED2/30, 6
﻿GED2/300, 2
﻿GED2/303, 2
﻿GED2/307, 2
﻿GED2/309, 3
﻿GED2/31, 3
﻿GED2/310, 2
﻿GED2/313, 3
﻿GED2/314, 5
﻿GED2/315, 1
﻿GED2/316, 1
﻿GED2/32, 1
﻿GED2/338, 2
﻿GED2/343, 2
﻿GED2/344, 2
﻿GED2/345, 1
﻿GED2/348, 2
﻿GED2/349, 1
﻿GED2/360, 11
﻿GED2/362, 7
﻿GED2/365, 24
﻿GED2/370, 6
﻿GED2/395, 2
﻿GED2/396, 98
﻿GED2/397, 96
﻿GED2/400, 75
﻿GED2/401, 10
﻿GED2/402, 10
﻿GED2/404, 10
﻿GED2/405, 27
﻿GED2/407, 3
﻿GED2/41, 30
﻿GED2/410, 6
﻿GED2/412, 6
﻿GED2/413, 8
﻿GED2/414, 3
﻿GED2/417, 4
﻿GED2/420, 1
﻿GED2/421, 2
﻿GED2/424, 2
﻿GED2/425, 3
﻿GED2/428, 30
﻿GED2/429, 15
﻿GED2/430, 5
﻿GED2/431, 16
﻿GED2/432, 10
﻿GED2/433, 19
﻿GED2/434, 17
﻿GED2/438, 4
﻿GED2/443, 5
﻿GED2/448, 13
﻿GED2/449, 5
﻿GED2/450, 9
﻿GED2/451, 1
﻿GED2/452, 1
﻿GED2/453, 5
﻿GED2/455, 5
﻿GED2/457, 3
﻿GED2/458, 10
﻿GED2/460, 5
﻿GED2/461, 1
﻿GED2/463, 4
﻿GED2/464, 7
﻿GED2/467, 5
﻿GED2/468, 1
﻿GED2/469, 11
﻿GED2/471, 5
﻿GED2/472, 2
﻿GED2/473, 2
﻿GED2/476, 3
﻿GED2/478, 2
﻿GED2/479, 5
﻿GED2/480, 7
﻿GED2/482, 10
﻿GED2/483, 2
﻿GED2/484, 11
﻿GED2/485, 7
﻿GED2/487, 3
﻿GED2/499, 1
﻿GED2/500, 1
﻿GED2/501, 1
﻿GED2/502, 1
﻿GED2/503, 1
﻿GED2/504, 1
﻿GED2/505, 1
﻿GED2/506, 1
﻿GED2/507, 1
﻿GED2/509, 2
﻿GED2/510, 1
﻿GED2/511, 4
﻿GED2/512, 1
﻿GED2/514, 3
﻿GED2/515, 10
﻿GED2/516, 5
﻿GED2/518, 2
﻿GED2/520, 1
﻿GED2/521, 9
﻿GED2/526, 4
﻿GED2/534, 2
﻿GED2/555, 7
﻿GED2/557, 5
﻿GED2/558, 1
﻿GED2/559, 1
﻿GED2/564, 1
﻿GED2/565, 10
﻿GED2/566, 10
﻿GED2/567, 1
﻿GED2/568, 3
﻿GED2/569, 10
﻿GED2/570, 8
﻿GED2/575, 18
﻿GED2/576, 1
﻿GED2/577, 6
﻿GED2/579, 8
﻿GED2/584, 1
﻿GED2/586, 14
﻿GED2/589, 3
﻿GED2/591, 1
﻿GED2/593, 4
﻿GED2/594, 1
﻿GED2/598, 4
﻿GED2/603, 6
﻿GED2/606, 18
﻿GED2/607, 2
﻿GED2/613, 24
﻿GED2/615, 13
﻿GED2/618, 10
﻿GED2/623, 8
﻿GED2/624, 8
﻿GED2/627, 3
﻿GED2/628, 1
﻿GED2/629, 10
﻿GED2/632, 6
﻿GED2/635, 24
﻿GED2/636, 19
﻿GED2/638, 23
﻿GED2/639, 19
﻿GED2/641, 5
﻿GED2/643, 2
﻿GED2/645, 51
﻿GED2/647, 1
﻿GED2/648, 9
﻿GED2/652, 1
﻿GED2/657, 10
﻿GED2/661, 1
﻿GED2/666, 5
﻿GED2/673, 5
﻿GED2/674, 9
﻿GED2/675, 9
﻿GED2/676, 9
﻿GED2/678, 1
﻿GED2/679, 5
﻿GED2/680, 2
﻿GED2/682, 10
﻿GED2/683, 5
﻿GED2/687, 18
﻿GED2/690, 1
﻿GED2/691, 1
﻿GED2/692, 1
﻿GED2/693, 2
﻿GED2/695, 1
﻿GED2/696, 1
﻿GED2/698, 1
﻿GED2/699, 17
﻿GED2/70, 120
﻿GED2/700, 8
﻿GED2/701, 5
﻿GED2/702, 3
﻿GED2/704, 2
﻿GED2/705, 7
﻿GED2/707, 16
﻿GED2/708, 15
﻿GED2/71, 49
﻿GED2/711, 3
﻿GED2/712, 10
﻿GED2/713, 9
﻿GED2/716, 8
﻿GED2/717, 19
﻿GED2/718, 2
﻿GED2/721, 4
﻿GED2/722, 3
﻿GED2/723, 14
﻿GED2/724, 9
﻿GED2/73, 130
﻿GED2/740, 430
﻿GED2/744, 3
﻿GED2/745, 3
﻿GED2/746, 1
﻿GED2/747, 2
﻿GED2/748, 1
﻿GED2/749, 2
﻿GED2/75, 10
﻿GED2/751, 2
﻿GED2/752, 2
﻿GED2/753, 2
﻿GED2/754, 2
﻿GED2/755, 1
﻿GED2/756, 2
﻿GED2/758, 1
﻿GED2/759, 47
﻿GED2/761, 4
﻿GED2/762, 3
﻿GED2/774, 2
﻿GED2/78, 80
﻿GED2/788, 2
﻿GED2/793, 2
﻿GED2/80, 50
﻿GED2/800, 4
﻿GED2/802, 3
﻿GED2/803, 2
﻿GED2/804, 1
﻿GED2/805, 2
﻿GED2/806, 3
﻿GED2/807, 5
﻿GED2/808, 2
﻿GED2/815, 1
﻿GED2/816, 1
﻿GED2/817, 7
﻿GED2/826, 4
﻿GED2/827, 86
﻿GED2/829, 36
﻿GED2/833, 6
﻿GED2/835, 2
﻿GED2/842, 3
﻿GED2/846, 1
﻿GED2/848, 12
﻿GED2/850, 2
﻿GED2/853, 3
﻿GED2/854, 1
﻿GED2/855, 2
﻿GED2/856, 1
﻿GED2/857, 8
﻿GED2/858, 7
﻿GED2/859, 3
﻿GED2/862, 2
﻿GED2/865, 2
﻿GED2/866, 1
﻿GED2/867, 2
﻿GED2/868, 1
﻿GED2/88, 19
﻿GED2/888, 2
﻿GED2/891, 6
﻿GED2/905, 1
﻿GED2/91, 20
﻿GED2/92, 40
﻿GED2/924, 5
﻿GED2/927, 1
﻿GED2/93, 10
﻿GED2/932, 3
﻿GED2/939, 4
﻿GED2/940, 1
﻿GED2/947, 3
﻿GED2/948, 3
﻿GED2/950, 6
﻿GED2/955, 2
﻿GED2/956, 1
﻿GED2/96, 10
﻿GED2/970, 13
﻿GED2/971, 10
﻿GED2/98, 10
﻿GED2/980, 99
﻿GED2/987, 9
﻿GED2/99, 10
﻿GED2/992, 1
﻿GEN-2019, 1
﻿GEN1/145, 1
﻿GEN1/16, 2
﻿GEN1/2, 1
﻿GEN1/4, 1
﻿GEN1/42, 1
﻿GEN1/44, 1
﻿GEN1/48, 3
﻿GEN1/51, 87
﻿GEN1/52, 10
﻿GEN1/64, 4
﻿GEN1/65, 8
﻿GEN1/66, 35
﻿GEN1/68, 12
﻿GEN1/7, 107
﻿GEN1/70, 4
﻿GEN1/71, 4
﻿GEN1/77, 8
﻿GEN1/8, 28
﻿GEN2/118, 3
﻿GEN2/122, 2
﻿GEN2/124, 20
﻿GEN2/125, 1
﻿GEN2/126, 4
﻿GEN2/150, 1
﻿GEN2/2009, 5
﻿GEN2/23, 1
﻿GEN2/24, 1
﻿GEN2/66, 1
﻿GEN3/59, 12
﻿GEN4/125, 1
﻿GEN4/184, 1
﻿GEN4/191, 65
﻿GEN4/218, 20
﻿GEN4/440, 35
﻿GEN4/509, 20
﻿GEN4/554, 13
﻿GEN4/557, 12
﻿GEN4/8016, 13
﻿GEN5/013, 10
﻿GEN5/014, 6
﻿GEN5/036, 1
﻿GEN5/085, 60
﻿GEN5/086, 120
﻿GEN5/128, 5
﻿GEN5/129, 8
﻿GEN5/2, 1
﻿GEN6/6, 1
﻿ISUZU03, 1
﻿ISUZUBUSMV044, 1
﻿ISUZUBUSMV047, 1
﻿ISUZUBUSMV048, 1
﻿ISUZUBUSMV049, 2
﻿ISUZUBUSMV050, 5
﻿ISUZUBUSMV051, 9
﻿ISUZUBUSMV052, 2
﻿ISUZUBUSMV053, 3
﻿ISUZUBUSMV054, 15
﻿ISUZUBUSMV055, 2
﻿ISUZUBUSMV056, 2
﻿ISUZUBUSMV057, 6
﻿ISUZUBUSMV058, 1
﻿ISUZUBUSMV059, 1
﻿ISUZUBUSMV060, 1
﻿ISUZUBUSMV061, 4
﻿ISUZUBUSMV062, 1
﻿ISUZUBUSMV063, 6
﻿ISUZUBUSMV064, 1
﻿ISUZUBUSMV065, 5
﻿ISUZUBUSMV066, 2
﻿ISUZUBUSMV067, 6
﻿ISUZUBUSMV118017, 2
﻿ISUZUBUSMV118023, 37
﻿ISUZUBUSMV118028, 6
﻿ISUZUBUSMV118030, 1
﻿ISUZUBUSMV118031, 2
﻿ISUZUBUSMV118034, 5
﻿ISUZUBUSMV118035, 2
﻿ISUZUBUSMV118036, 1
﻿ISUZUBUSMV118037, 2
﻿ISUZUBUSMV118042, 1
﻿ISUZUBUSMV118046, 2
﻿ISUZUBUSMV118048, 2
﻿ISUZUBUSMV118049, 2
﻿ISUZUFTS07, 1
﻿ISUZUFTS09, 2
﻿ISUZUFTS11, 4
﻿ISUZUFTS12, 2
﻿ISUZUFTS16, 6
﻿ISUZUFTS17, 4
﻿ISUZUFTS31, 1
﻿ISUZUFTS36, 2
﻿ISUZUFTS37, 3
﻿ISUZUFTS45, 4
﻿ISUZUFTS71, 18
﻿ISUZUFTS72, 2
﻿ISUZUFTS73, 1
﻿ISUZUFTS74, 3
﻿ISUZUFTS75, 5
﻿ISUZUFTS76, 4
﻿ISUZUFTS77, 1
﻿ISUZUFTS78, 1
﻿ISUZUFTS79, 2
﻿ISUZUFTS80, 4
﻿ISUZUFTS81, 4
﻿ISUZUNKR13, 34
﻿ISUZUNKR14, 6
﻿ISUZUNKR15, 1
﻿ISUZUNKR16, 6
﻿ISUZUNKR17, 1
﻿ISUZUNKR18, 4
﻿ISUZUNKR19, 1
﻿ISUZUNKR20, 1
﻿ISUZUNKR21, 1
﻿ISUZUNKR22, 2
﻿ISUZUNKR23, 4
﻿ISUZUNKR24, 1
﻿ISUZUNKR25, 2
﻿ISUZUNKR26, 5
﻿ISUZUNKR27, 2
﻿ISUZUNKR28, 1
﻿ISUZUNKR29, 2
﻿ISUZUNKR30, 2
﻿ISUZUNKR31, 1
﻿ISUZUNKR32, 30
﻿ISUZUNKR33, 1
﻿ISUZUNKR34, 1
﻿ISUZUNKR35, 1
﻿ISUZUNKR36, 31
﻿ISUZUNKR37, 4
﻿ISUZUNKR38, 12
﻿ISUZUNKR39, 2
﻿ISUZUNKR40, 1
﻿ISUZUNKR41, 6
﻿ISUZUNKR42, 1
﻿ISUZUNKR43, 1
﻿ISUZUNKR44, 20
﻿ISUZUNKR45, 9
﻿ISUZUNKR46, 1
﻿ISUZUNKR47, 1
﻿ISUZUNKR48, 2
﻿ISUZUNKR49, 3
﻿ISUZUNKR50, 3
﻿ISUZUNKR51, 1
﻿ISUZUNKR52, 13
﻿ISUZUNKR53, 1
﻿ISUZUNKR54, 7
﻿ISUZUNKR55, 4
﻿ISUZUNKR57, 2
﻿ISUZUNKR58, 4
﻿ISUZUNKR59, 3
﻿ISUZUNKR60, 10
﻿ISUZUNKR61, 30
﻿ISUZUNKR62, 2
﻿ISUZUNPR001, 32
﻿ISUZUNPR002, 4
﻿ISUZUNPR003, 4
﻿ISUZUNPR009, 2
﻿ISUZUNPR010, 2
﻿ISUZUNPR011, 1
﻿ISUZUNPR013, 1
﻿ISUZUNPR017, 1
﻿ISUZUNPR020, 26
﻿ISUZUNPR025, 2
﻿ISUZUNPR026, 2
﻿ISUZUNPR027, 6
﻿ISUZUNPR029, 1
﻿ISUZUNPR030, 16
﻿ISUZUNPR031, 1
﻿ISUZUNPR034, 4
﻿ISUZUNPR040, 26
﻿ISUZUNPR042, 1
﻿ISUZUNPR043, 7
﻿ISUZUNPR044, 1
﻿ISUZUNPR045, 1
﻿ISUZUNPR050, 1
﻿ISUZUNPR057, 2
﻿ISUZUNPR069, 2
﻿ISUZUNPR070, 2
﻿ISUZUNPR072, 1
﻿ISUZUNPR073, 2
﻿ISUZUNPR074, 4
﻿ISUZUNPR076, 32
﻿ISUZUNPR080, 5
﻿ISUZUNPR081, 1
﻿ISUZUNPR082, 8
﻿ISUZUNPR093, 5
﻿ISUZUNPR096, 1
﻿ISUZUNPR097, 2
﻿ISUZUNPR099, 5
﻿ISUZUTFS1, 7
﻿ISUZUTFS10, 1
﻿ISUZUTFS14, 4
﻿ISUZUTFS18, 1
﻿ISUZUTFS24, 4
﻿ISUZUTFS2500-010, 2
﻿ISUZUTFS2500-011, 1
﻿ISUZUTFS2500-012, 1
﻿ISUZUTFS2500-017, 4
﻿ISUZUTFS2500-018, 1
﻿ISUZUTFS2500-025, 1
﻿ISUZUTFS2500-026, 1
﻿ISUZUTFS2500-027, 1
﻿ISUZUTFS2500-028, 1
﻿ISUZUTFS2500-03, 2
﻿ISUZUTFS2500-031, 1
﻿ISUZUTFS2500-037, 3
﻿ISUZUTFS2500-04, 3
﻿ISUZUTFS2500-05, 8
﻿ISUZUTFS2500-06, 1
﻿ISUZUTFS2500-07, 3
﻿ISUZUTFS2500-08, 8
﻿ISUZUTFS2500-09, 10
﻿ISUZUTFS2500-59, 1
﻿ISUZUTFS31, 4
﻿ISUZUTFS32, 4
﻿ISUZUTFS33, 2
﻿ISUZUTFS34, 1
﻿ISUZUTFS35, 2
﻿ISUZUTFS36, 1
﻿ISUZUTFS37, 8
﻿ISUZUTFS38, 1
﻿ISUZUTFS39, 1
﻿ISUZUTFS4, 2
﻿ISUZUTFS40, 1
﻿ISUZUTFS41, 1
﻿ISUZUTFS42, 7
﻿ISUZUTFS43, 1
﻿ISUZUTFS44, 1
﻿ISUZUTFS45, 1
﻿ISUZUTFS46, 2
﻿KW045, 80
﻿KW051, 3050
﻿KW052, 2
﻿KW055, 3
﻿KW060, 2
﻿KW062, 2
﻿MBENZ02, 1
﻿MBENZ04, 1
﻿MBENZ08, 2
﻿MBENZ09, 2
﻿MERC308D-01, 2
﻿MERC308D-02, 1
﻿MERC308D-03, 1
﻿MERC308D-06, 2
﻿MERC308D-07, 4
﻿MERC308D-08, 2
﻿MERC308D-09, 2
﻿MERC308D-10, 2
﻿MERC814D-02, 2
﻿MERC814D-03, 3
﻿MERC814D-04, 3
﻿MERC814D-12, 4
﻿MERC814D-13, 3
﻿MERC814D-14, 1
﻿MERC814D-15, 4
﻿MERC814D-16, 2
﻿MERC814D-17, 2
﻿MERC814D-18, 2
﻿MITSUFH215-001, 20
﻿MITSUFH215-002, 4
﻿MITSUFH215-003, 11
﻿MITSUFH215-008, 1
﻿MITSUFH215-009, 1
﻿MITSUFH215-014, 14
﻿MITSUFH215-017, 4
﻿MITSUFH215-023, 1
﻿MITSUFH215-38, 10
﻿MITSUFH215-39, 3
﻿MITSUFH215-40, 15
﻿MK210-003, 4
﻿NISSAN0012, 1
﻿NISSAN0013, 1
﻿NISSAN0014, 1
﻿NISSAN0015, 5
﻿NISSAN0016, 1
﻿NISSAN0017, 6
﻿NISSAN0018, 5
﻿NISSAN0019, 4
﻿NISSAN002, 5
﻿NISSAN0020, 1
﻿NISSAN0021, 13
﻿NISSAN0022, 1
﻿NISSAN0023, 6
﻿NISSAN0024, 4
﻿NISSAN0025, 1
﻿NISSAN0026, 1
﻿NISSAN0027, 9
﻿NISSAN0028, 5
﻿NISSAN0029, 1
﻿NISSAN0030, 1
﻿NISSAN0031, 2
﻿NISSAN0032, 3
﻿NISSAN0033, 1
﻿NISSAN0034, 2
﻿NISSAN0035, 1
﻿NISSAN0036, 4
﻿NISSAN0037, 2
﻿NISSAN0038, 1
﻿NISSAN0039, 1
﻿NISSAN0040, 4
﻿NISSAN0041, 1
﻿NISSAN0042, 1
﻿NISSAN0043, 1
﻿NISSAN006, 6
﻿NISSAN007, 7
﻿NISSAN008, 17
﻿NISSAN009, 1
﻿NISSAN010, 1
﻿NISSAN011, 1
﻿NSNCIVI01, 1
﻿NSNCIVI02, 1
﻿NSNCIVI03, 1
﻿OILUB003, 144
﻿OILUB004, 1580
﻿OILUB005, 20
﻿OILUB006, 448
﻿OILUB007, 140
﻿OILUB008, 600
﻿OILUB009, 1443
﻿OILUB010, 940
﻿OILUB011, 820
﻿OILUB012, 120
﻿OILUB015, 1600
﻿OILUB016, 190
﻿OILUB017, 25
﻿OILUB018, 100
﻿OILUB020, 100
﻿OILUB022, 229
﻿OILUB023, 740
﻿OILUB024, 140
﻿OILUB026, 44
﻿OILUB028, 20
﻿OILUB029, 55
﻿OILUB030, 627
﻿OILUB031, 960
﻿OILUB032, 1400
﻿OILUB033, 510
﻿OILUB034, 20
﻿OILUB035, 209
﻿OILUB045, 600
﻿OILUB046, 140
﻿OILUB047, 20
﻿OPEN05, 99963.89649999999
﻿PACK002, 4944
﻿PACK003, 3000
﻿PACK004, 56000
﻿PACK005, 68200
﻿PACK006, 17900
﻿PACK007, 21900
﻿PACK008, 1430000
﻿PACK011, 600
﻿PACK012, 8
﻿PACK014, 40000
﻿PACK015, 109
﻿PACK018, 52
﻿PACK020, 40
﻿PACK021, 350
﻿PACK022, 8
﻿PACK023, 7406
﻿PACK024, 95200
﻿PACK026, 310
﻿PACK027, 2400
﻿PACK028, 150
﻿PACK029, 550
﻿PACK035, 12620
﻿PACK039, 4750
﻿PACK040, 500
﻿PACK043, 40
﻿PC38/10, 4
﻿PC38/13, 2
﻿PC38/14, 676
﻿PC38/2, 4
﻿PC38/20, 100
﻿PC38/25, 8
﻿PC38/3, 4
﻿PC38/30, 1
﻿PC38/31, 1
﻿PC38/32, 1
﻿PC38/33, 2
﻿PC38/34, 1
﻿PC38/35, 1
﻿PC38/36, 1
﻿PC38/4, 8
﻿PC38/42, 10
﻿PC38/5, 1
﻿PC38/50, 47
﻿PC38/55, 1
﻿PC38/56, 1
﻿PC38/57, 1
﻿PC38/58, 2
﻿PC38/6, 2
﻿PC38/60, 2
﻿PC38/61, 1
﻿PC38/62, 1
﻿PC38/64, 1
﻿PC38/66, 2
﻿PC38/67, 1
﻿PC38/7, 2
﻿PC38/70, 1
﻿PC38/72, 1
﻿PC38/73, 1
﻿PC38/74, 1
﻿PC38/76, 1
﻿PC38/77, 3
﻿PC38/78, 1
﻿PC38/79, 1
﻿PC38/8, 1
﻿PC38/80, 1
﻿PC38/81, 2
﻿PC38/82, 3
﻿PC38/83, 2
﻿PC38/84, 2
﻿PC38/85, 1
﻿PC38/86, 1
﻿PC38/87, 2
﻿PC38/88, 1
﻿PC38/89, 1
﻿PC38/9, 2
﻿PC38/90, 1
﻿PC38/91, 1
﻿PC38/92, 1
﻿PC530/10, 1
﻿PC530/11, 1
﻿PC530/12, 8
﻿PC530/13, 12
﻿PC530/14, 50
﻿PC530/15, 1
﻿PC530/17, 1
﻿PC530/18, 5
﻿PC530/2, 12
﻿PC530/22, 9
﻿PC530/25, 1
﻿PC530/29, 1
﻿PC530/3, 12
﻿PC530/31, 3
﻿PC530/33, 4
﻿PC530/35, 1
﻿PC530/37, 2
﻿PC530/38, 1
﻿PC530/39, 1
﻿PC530/4, 6
﻿PC530/40, 1
﻿PC530/41, 1
﻿PC530/42, 1
﻿PC530/43, 1
﻿PC530/44, 1
﻿PC530/46, 2
﻿PC530/47, 2
﻿PC530/48, 1
﻿PC530/5, 1
﻿PC530/50, 1
﻿PC530/51, 1
﻿PC530/52, 4
﻿PC530/53, 1
﻿PC530/54, 1
﻿PC530/55, 1
﻿PC530/56, 2
﻿PC530/57, 2
﻿PC530/58, 2
﻿PC530/6, 1
﻿PC530/61, 1
﻿PC530/63, 1
﻿PC530/64, 1
﻿PC530/65, 1
﻿PC530/66, 2
﻿PC530/67, 1
﻿PC530/68, 16
﻿PC530/69, 1
﻿PC530/7, 12
﻿PC530/70, 1
﻿PC530/71, 1
﻿PC530/72, 1
﻿PC530/73, 34
﻿PC530/74, 4
﻿PC530/77, 3
﻿PC530/9, 1
﻿PGT406SR0001, 2
﻿PGT406SR0002, 1
﻿PGT406SR0003, 1
﻿PGT406SR0004, 1
﻿PGT406SR0006, 16
﻿PGT406SR0009, 4
﻿PGT406SR0010, 1
﻿PGT406SR0011, 3
﻿PGT406SR0012, 1
﻿PGT406SR0013, 1
﻿PGT406SR0014, 3
﻿PGT406SR0015, 1
﻿PGT406SR0017, 1
﻿PGT406SR0018, 1
﻿PGT406SR0020, 1
﻿PGT406SR0021, 1
﻿PGT406SR0022, 2
﻿PGT406SR0024, 4
﻿PGT406SR0025, 2
﻿PGT406SR0026, 1
﻿PGT406SR0027, 1
﻿PGT406SR0028, 1
﻿PGT406SR0029, 1
﻿PGT406SR0030, 1
﻿PGT406SR0031, 3
﻿PGT406SR0032, 1
﻿PGT406SR0038, 1
﻿PGT406SR0039, 1
﻿PGT406SR0040, 1
﻿PGT406SR0041, 1
﻿PGT406SR0046, 1
﻿PGT406SR0048, 1
﻿PGT406SR0049, 3
﻿PGT406SR0052, 2
﻿PGT406SR0058, 1
﻿PGT406SR0070, 2
﻿PGT406SR0084, 8
﻿PGT406SR85, 4
﻿PGT406SR86, 1
﻿PGT406SR87, 8
﻿PGT406SR88, 11
﻿PGT406SR89, 1
﻿PGT406SR90, 1
﻿PGT406SR91, 1
﻿POL01, 510
﻿POL02, 33
﻿POL03, 756
﻿POL04, 107
﻿POL05, 600
﻿POL06, 110
﻿POL07, 420
﻿POL08, 780
﻿POL09, 2300
﻿POL14, 699
﻿POL18, 2000
﻿RMAT001, 37792
﻿RMAT002, 11423
﻿RMAT003, 3500
﻿RMAT004, 6775000
﻿RMAT005, 3485
﻿RMAT006, 3381
﻿RMAT007, 195245
﻿RMAT008, 47064
﻿RMAT009, 710
﻿RMAT010, 34816
﻿RMAT011, 5210
﻿RMAT013, 103958
﻿RMAT015, 5410
﻿RMAT016, 27200
﻿RMAT017, 18000
﻿RMAT018, 9520
﻿RMAT019, 1817500
﻿RMAT020, 16550
﻿RMAT021, 12107
﻿RMAT022, 3065
﻿RMAT028, 243700
﻿RMAT029, 940
﻿RMAT030, 234000
﻿ST001, 187
﻿ST003, 3
﻿ST005, 2
﻿ST008, 4
﻿ST009, 103
﻿ST010, 730
﻿ST011, 489
﻿ST012, 721
﻿ST013, 220
﻿ST014, 151
﻿ST015, 214
﻿ST016, 25
﻿ST018, 3
﻿ST018(B), 5
﻿ST018(C), 5
﻿ST020, 90
﻿ST022, 62
﻿ST023, 202
﻿ST024, 3
﻿ST025, 20
﻿ST026, 152
﻿ST027, 56
﻿ST027A, 129
﻿ST029, 95
﻿ST030, 19
﻿ST031, 340
﻿ST033, 837
﻿ST034, 30
﻿ST035A, 31
﻿ST036, 78
﻿ST042, 430
﻿ST050, 787
﻿ST057, 18
﻿ST058, 18
﻿ST058A, 901
﻿ST064, 3
﻿ST065, 3
﻿ST067, 21
﻿ST069, 16
﻿ST070, 26
﻿ST071, 15
﻿ST072, 18
﻿ST075, 3
﻿ST077, 60
﻿ST078, 170
﻿ST083, 12
﻿ST083A, 25
﻿ST084, 7
﻿ST088, 76
﻿ST091, 2
﻿ST097, 1
﻿ST100, 2000
﻿ST105, 14
﻿ST112, 860
﻿ST123, 5
﻿ST126, 100
﻿ST129, 11
﻿ST133, 1
﻿ST133A, 7
﻿ST133B, 7
﻿ST133C, 7
﻿ST134, 21
﻿ST136, 2
﻿ST137, 14
﻿ST138, 6
﻿ST142, 18
﻿ST144, 19
﻿ST158, 3
﻿ST160, 3
﻿ST161, 150
﻿ST162, 8
﻿ST165, 5
﻿ST166, 3
﻿ST170, 6
﻿ST171, 4
﻿ST172, 5
﻿ST173, 7
﻿ST186, 4
﻿ST188A, 10
﻿ST191, 20
﻿ST194(A), 9
﻿ST194(B), 10
﻿ST198, 1
﻿ST204, 1
﻿ST213, 3
﻿ST221, 1
﻿ST226, 13
﻿ST234, 39
﻿ST243, 11
﻿ST244, 745
﻿ST245, 1
﻿ST252, 17
﻿ST265, 32
﻿ST267, 1
﻿ST268, 1
﻿ST277, 18
﻿ST280, 8
﻿ST280(A), 12
﻿ST290, 2
﻿ST291, 100
﻿ST294, 6
﻿ST296, 5
﻿ST310, 3
﻿ST310A, 1
﻿ST332, 960
﻿ST335, 41
﻿ST338, 2
﻿ST340, 4
﻿ST341, 5
﻿ST342, 5
﻿ST345, 350
﻿ST346, 3
﻿ST348, 1
﻿ST349, 1
﻿ST350, 60
﻿ST358, 1
﻿ST361, 136
﻿ST362, 134
﻿ST364, 3
﻿ST447, 5
﻿ST448, 1
﻿TCORVVTI01, 5
﻿TCORVVTI08, 3
﻿TCORVVTI09, 1
﻿TECH/5054, 5
﻿TECH/5055, 9
﻿TECH1/1001, 2
﻿TECH1/1002, 8
﻿TECH1/1003, 3
﻿TECH1/1004, 1
﻿TECH1/1006, 1
﻿TECH1/1009, 9
﻿TECH1/101, 11
﻿TECH1/1010, 2
﻿TECH1/1012, 1
﻿TECH1/1013, 1
﻿TECH1/1018, 1
﻿TECH1/1020, 1
﻿TECH1/1021, 2
﻿TECH1/1022, 4
﻿TECH1/1023, 1
﻿TECH1/1024, 2
﻿TECH1/1025, 1
﻿TECH1/1026, 1
﻿TECH1/1027, 1
﻿TECH1/1028, 1
﻿TECH1/1031, 5
﻿TECH1/1038, 1
﻿TECH1/1039, 1
﻿TECH1/1040, 1
﻿TECH1/1045, 8
﻿TECH1/1046, 1
﻿TECH1/105, 3
﻿TECH1/1057, 15
﻿TECH1/106, 14
﻿TECH1/1062, 1
﻿TECH1/1069, 3
﻿TECH1/1071, 2
﻿TECH1/1072, 2
﻿TECH1/1079, 1
﻿TECH1/1088, 3
﻿TECH1/109, 7
﻿TECH1/1090, 8
﻿TECH1/1094, 3
﻿TECH1/1099, 4
﻿TECH1/1100, 1
﻿TECH1/1108, 9
﻿TECH1/1109, 1
﻿TECH1/111, 1
﻿TECH1/1110, 1
﻿TECH1/1111, 1
﻿TECH1/1112, 1
﻿TECH1/1113, 1
﻿TECH1/1116, 1
﻿TECH1/112, 2
﻿TECH1/1120, 12
﻿TECH1/1121, 2
﻿TECH1/1122, 8
﻿TECH1/1123, 6
﻿TECH1/1125, 1
﻿TECH1/1126, 1
﻿TECH1/1127, 1
﻿TECH1/1128, 18
﻿TECH1/113, 6
﻿TECH1/1135, 2
﻿TECH1/1136, 1
﻿TECH1/1138, 1
﻿TECH1/114, 2
﻿TECH1/115, 3
﻿TECH1/1162, 2
﻿TECH1/1165, 1
﻿TECH1/1173, 6
﻿TECH1/1174, 2
﻿TECH1/1181, 400
﻿TECH1/1182, 12
﻿TECH1/1183, 60
﻿TECH1/1186, 5
﻿TECH1/1188, 4
﻿TECH1/1189, 1
﻿TECH1/1190, 1
﻿TECH1/1191, 1
﻿TECH1/1192, 1
﻿TECH1/12, 1
﻿TECH1/1200, 11
﻿TECH1/1202, 5
﻿TECH1/1204, 10
﻿TECH1/1206, 1
﻿TECH1/1209, 1
﻿TECH1/1210, 1
﻿TECH1/1212, 4
﻿TECH1/1213, 1
﻿TECH1/1217, 3
﻿TECH1/1220, 2
﻿TECH1/1224, 4
﻿TECH1/1235, 5
﻿TECH1/1237, 1
﻿TECH1/1251, 5
﻿TECH1/1252, 80
﻿TECH1/1256, 10
﻿TECH1/1257, 2
﻿TECH1/1275, 1
﻿TECH1/1277, 1
﻿TECH1/1280, 10
﻿TECH1/1288, 14
﻿TECH1/1296, 2
﻿TECH1/1300, 2
﻿TECH1/1302, 2
﻿TECH1/1310, 8
﻿TECH1/1311, 1
﻿TECH1/1313, 1
﻿TECH1/1320, 1
﻿TECH1/1337, 3
﻿TECH1/134, 24
﻿TECH1/135, 2
﻿TECH1/136, 4
﻿TECH1/1369, 1
﻿TECH1/137, 50
﻿TECH1/138, 49
﻿TECH1/139, 45
﻿TECH1/1395, 10
﻿TECH1/140, 50
﻿TECH1/1404, 3
﻿TECH1/1405, 1
﻿TECH1/1406, 3
﻿TECH1/1407, 3
﻿TECH1/1413, 3
﻿TECH1/1417, 1
﻿TECH1/143, 1
﻿TECH1/1433, 4
﻿TECH1/144, 1
﻿TECH1/145, 1
﻿TECH1/146, 1
﻿TECH1/1460, 16
﻿TECH1/1466, 100
﻿TECH1/150, 1
﻿TECH1/152, 4
﻿TECH1/153, 2
﻿TECH1/154, 2
﻿TECH1/1563, 900
﻿TECH1/1567, 96
﻿TECH1/16, 2
﻿TECH1/161, 1
﻿TECH1/1610, 1000
﻿TECH1/1620, 1
﻿TECH1/1621, 3
﻿TECH1/1628, 10
﻿TECH1/1633, 10
﻿TECH1/1634, 10
﻿TECH1/1638, 10
﻿TECH1/1672, 3
﻿TECH1/1674, 48
﻿TECH1/1676, 6
﻿TECH1/1679, 2
﻿TECH1/1683, 1
﻿TECH1/1685, 1
﻿TECH1/1688, 3
﻿TECH1/1689, 4
﻿TECH1/169, 2
﻿TECH1/1690, 3
﻿TECH1/1692, 1
﻿TECH1/1693, 18
﻿TECH1/1694, 16
﻿TECH1/1698, 2
﻿TECH1/1699, 1
﻿TECH1/17, 1
﻿TECH1/170, 1
﻿TECH1/1702, 2
﻿TECH1/1704, 3
﻿TECH1/1709, 1
﻿TECH1/171, 2
﻿TECH1/1719, 2
﻿TECH1/172, 1
﻿TECH1/1720, 4
﻿TECH1/174, 1
﻿TECH1/1749, 47
﻿TECH1/175, 1
﻿TECH1/1751, 28
﻿TECH1/1752, 59
﻿TECH1/1753, 3
﻿TECH1/1760, 9
﻿TECH1/1763, 59
﻿TECH1/1764, 4
﻿TECH1/1765, 14
﻿TECH1/1766, 8
﻿TECH1/1767, 20
﻿TECH1/1768, 28
﻿TECH1/177, 1
﻿TECH1/1770, 80
﻿TECH1/1775, 1
﻿TECH1/1776, 8
﻿TECH1/1777, 1
﻿TECH1/1778, 21
﻿TECH1/1779, 11
﻿TECH1/1780, 22
﻿TECH1/1781, 76
﻿TECH1/1782, 34
﻿TECH1/1783, 5
﻿TECH1/1784, 108
﻿TECH1/1785, 82
﻿TECH1/1786, 99
﻿TECH1/1787, 95
﻿TECH1/1788, 99
﻿TECH1/1789, 19
﻿TECH1/179, 12
﻿TECH1/1790, 20
﻿TECH1/1791, 14
﻿TECH1/1793, 5
﻿TECH1/1794, 5
﻿TECH1/1795, 2
﻿TECH1/1796, 2
﻿TECH1/1797, 4
﻿TECH1/1798, 2
﻿TECH1/18, 1
﻿TECH1/1800, 3
﻿TECH1/1801, 8
﻿TECH1/1802, 10
﻿TECH1/1803, 10
﻿TECH1/1804, 63
﻿TECH1/1805, 200
﻿TECH1/1806, 187
﻿TECH1/1807, 168
﻿TECH1/1808, 10
﻿TECH1/1809, 20
﻿TECH1/1810, 6
﻿TECH1/1811, 20
﻿TECH1/1812, 5
﻿TECH1/1813, 4
﻿TECH1/1814, 6
﻿TECH1/1815, 139
﻿TECH1/1816, 3
﻿TECH1/1817, 259
﻿TECH1/1818, 133
﻿TECH1/1819, 37
﻿TECH1/1821, 5
﻿TECH1/1824, 2
﻿TECH1/1825, 5
﻿TECH1/1826, 5
﻿TECH1/1827, 9
﻿TECH1/1828, 10
﻿TECH1/1829, 4
﻿TECH1/183, 3
﻿TECH1/1830, 3
﻿TECH1/1831, 8
﻿TECH1/1832, 5
﻿TECH1/1833, 3
﻿TECH1/1834, 25
﻿TECH1/1835, 21
﻿TECH1/1836, 18
﻿TECH1/1837, 42
﻿TECH1/1838, 15
﻿TECH1/1839, 20
﻿TECH1/184, 1
﻿TECH1/1840, 9
﻿TECH1/1841, 20
﻿TECH1/1842, 119
﻿TECH1/1843, 200
﻿TECH1/1845, 20
﻿TECH1/1846, 20
﻿TECH1/1851, 1
﻿TECH1/186, 1
﻿TECH1/187, 1
﻿TECH1/188, 2
﻿TECH1/189, 7
﻿TECH1/19, 3
﻿TECH1/190, 2
﻿TECH1/1902, 1
﻿TECH1/1904, 1
﻿TECH1/1905, 1
﻿TECH1/191, 1
﻿TECH1/1911, 3
﻿TECH1/1913, 2
﻿TECH1/193, 1
﻿TECH1/194, 2
﻿TECH1/196, 2
﻿TECH1/197, 1
﻿TECH1/198, 1
﻿TECH1/199, 5
﻿TECH1/200, 1
﻿TECH1/2001, 4
﻿TECH1/201, 1
﻿TECH1/2014, 2
﻿TECH1/2018, 1
﻿TECH1/2019, 1
﻿TECH1/202, 5
﻿TECH1/2021, 1
﻿TECH1/2022, 1
﻿TECH1/2023, 1
﻿TECH1/2025, 12
﻿TECH1/2026, 2
﻿TECH1/2028, 1
﻿TECH1/2029, 2
﻿TECH1/203, 1
﻿TECH1/2030, 1
﻿TECH1/2033, 1
﻿TECH1/2035, 2
﻿TECH1/2036, 1
﻿TECH1/2037, 1
﻿TECH1/2038, 2
﻿TECH1/2039, 2
﻿TECH1/204, 2
﻿TECH1/2040, 1
﻿TECH1/2041, 1
﻿TECH1/2042, 2
﻿TECH1/2043, 3
﻿TECH1/2044, 1
﻿TECH1/2045, 1
﻿TECH1/2048, 2
﻿TECH1/2049, 1
﻿TECH1/205, 4
﻿TECH1/2050, 2
﻿TECH1/2054, 1
﻿TECH1/2055, 1
﻿TECH1/2057, 1
﻿TECH1/206, 1
﻿TECH1/2060, 3
﻿TECH1/2061, 8
﻿TECH1/2063, 4
﻿TECH1/2065, 8
﻿TECH1/2066, 6
﻿TECH1/2067, 2
﻿TECH1/2068, 1
﻿TECH1/2069, 2
﻿TECH1/2070, 1
﻿TECH1/2071, 3
﻿TECH1/2074, 5
﻿TECH1/2075, 3
﻿TECH1/2076, 2
﻿TECH1/2077, 5
﻿TECH1/2078, 5
﻿TECH1/2079, 5
﻿TECH1/2080, 2
﻿TECH1/2081, 1
﻿TECH1/2082, 1
﻿TECH1/2083, 2
﻿TECH1/2084, 2
﻿TECH1/2085, 4
﻿TECH1/2086, 2
﻿TECH1/2089, 1
﻿TECH1/2090, 1
﻿TECH1/2091, 1
﻿TECH1/2092, 2
﻿TECH1/2093, 1
﻿TECH1/2094, 1
﻿TECH1/2095, 1
﻿TECH1/2096, 3
﻿TECH1/2097, 6
﻿TECH1/2098, 2
﻿TECH1/2099, 10
﻿TECH1/210, 1
﻿TECH1/2100, 4
﻿TECH1/2101, 6
﻿TECH1/2102, 4
﻿TECH1/2103, 6
﻿TECH1/2104, 6
﻿TECH1/2105, 6
﻿TECH1/2106, 6
﻿TECH1/2109, 1
﻿TECH1/2113, 3
﻿TECH1/2114, 2
﻿TECH1/2115, 1
﻿TECH1/2116, 2
﻿TECH1/2117, 2
﻿TECH1/2119, 2
﻿TECH1/2120, 1
﻿TECH1/2125, 1
﻿TECH1/2126, 9
﻿TECH1/2127, 3
﻿TECH1/2128, 2
﻿TECH1/2129, 1
﻿TECH1/2131, 1
﻿TECH1/2133, 4
﻿TECH1/2135, 9
﻿TECH1/2141, 3
﻿TECH1/2143, 3
﻿TECH1/2146, 6
﻿TECH1/2147, 2
﻿TECH1/2148, 2
﻿TECH1/2149, 4
﻿TECH1/2152, 1
﻿TECH1/2158, 648
﻿TECH1/2159, 859
﻿TECH1/216, 1
﻿TECH1/2160, 1
﻿TECH1/2162, 8
﻿TECH1/2167, 45
﻿TECH1/2169, 14
﻿TECH1/217, 1
﻿TECH1/2170, 10
﻿TECH1/2171, 28
﻿TECH1/2172, 105
﻿TECH1/2177, 102
﻿TECH1/2178, 105
﻿TECH1/2179, 101
﻿TECH1/2180, 51
﻿TECH1/2181, 149
﻿TECH1/2185, 210
﻿TECH1/2188, 2
﻿TECH1/2189, 2
﻿TECH1/2190, 2
﻿TECH1/2191, 1
﻿TECH1/2192, 4
﻿TECH1/2193, 2
﻿TECH1/2194, 4
﻿TECH1/2195, 4
﻿TECH1/2198, 900
﻿TECH1/2199, 659
﻿TECH1/2200, 500
﻿TECH1/2201, 469
﻿TECH1/2202, 1000
﻿TECH1/2203, 2
﻿TECH1/2205, 1
﻿TECH1/2207, 1
﻿TECH1/2208, 1
﻿TECH1/2211, 3
﻿TECH1/2212, 44
﻿TECH1/2216, 1
﻿TECH1/2217, 1
﻿TECH1/2229, 1
﻿TECH1/2230, 4
﻿TECH1/2232, 6
﻿TECH1/2233, 1
﻿TECH1/2236, 1
﻿TECH1/2237, 1
﻿TECH1/2238, 1
﻿TECH1/2246, 1
﻿TECH1/2247, 1
﻿TECH1/2249, 1
﻿TECH1/2250, 2
﻿TECH1/2251, 1
﻿TECH1/2254, 10
﻿TECH1/2256, 2
﻿TECH1/2257, 1
﻿TECH1/2259, 1
﻿TECH1/2260, 6
﻿TECH1/2263, 1
﻿TECH1/2266, 2
﻿TECH1/2270, 2
﻿TECH1/2272, 9
﻿TECH1/2273, 4
﻿TECH1/2274, 2
﻿TECH1/2275, 3
﻿TECH1/2276, 5
﻿TECH1/2279, 1
﻿TECH1/2280, 1
﻿TECH1/2282, 10
﻿TECH1/2284, 1
﻿TECH1/2285, 1
﻿TECH1/2286, 1
﻿TECH1/2291, 46
﻿TECH1/2294, 2
﻿TECH1/2297, 5
﻿TECH1/2299, 1
﻿TECH1/23, 1
﻿TECH1/2301, 8
﻿TECH1/2302, 2
﻿TECH1/2303, 2
﻿TECH1/2304, 2
﻿TECH1/2306, 1
﻿TECH1/2310, 2
﻿TECH1/2312, 43
﻿TECH1/2313, 3
﻿TECH1/2314, 26
﻿TECH1/2318, 1
﻿TECH1/2319, 3
﻿TECH1/232, 1
﻿TECH1/2321, 10
﻿TECH1/2327, 3
﻿TECH1/2328, 5
﻿TECH1/2330, 1
﻿TECH1/2331, 2
﻿TECH1/2332, 10
﻿TECH1/2333, 8
﻿TECH1/2334, 5
﻿TECH1/2335, 8
﻿TECH1/2336, 7
﻿TECH1/2337, 9
﻿TECH1/2338, 10
﻿TECH1/234, 1
﻿TECH1/2349, 3
﻿TECH1/2362, 100
﻿TECH1/2366, 1
﻿TECH1/2369, 4
﻿TECH1/2370, 7
﻿TECH1/2377, 100
﻿TECH1/2381, 5
﻿TECH1/239, 1
﻿TECH1/2395, 8
﻿TECH1/2397, 6
﻿TECH1/24, 1
﻿TECH1/240, 1
﻿TECH1/2407, 3
﻿TECH1/241, 1
﻿TECH1/242, 1
﻿TECH1/2426, 2
﻿TECH1/2433, 3
﻿TECH1/2434, 1
﻿TECH1/2436, 1
﻿TECH1/2438, 4
﻿TECH1/2445, 1
﻿TECH1/245, 3
﻿TECH1/246, 4
﻿TECH1/2461, 8
﻿TECH1/2462, 8
﻿TECH1/2463, 1
﻿TECH1/2464, 1
﻿TECH1/247, 1
﻿TECH1/2471, 1
﻿TECH1/2481, 4
﻿TECH1/2483, 4
﻿TECH1/2486, 4
﻿TECH1/2487, 1
﻿TECH1/2488, 1
﻿TECH1/2489, 2
﻿TECH1/2492, 1
﻿TECH1/2493, 12
﻿TECH1/2494, 12
﻿TECH1/2495, 6
﻿TECH1/2496, 2
﻿TECH1/2497, 1
﻿TECH1/2498, 13
﻿TECH1/2499, 15
﻿TECH1/25, 10
﻿TECH1/2500, 14
﻿TECH1/2501, 7
﻿TECH1/2508, 2
﻿TECH1/2510, 2
﻿TECH1/2512, 1
﻿TECH1/2514, 2
﻿TECH1/2515, 2
﻿TECH1/2516, 2
﻿TECH1/2522, 3
﻿TECH1/2523, 7
﻿TECH1/2524, 13
﻿TECH1/2525, 15
﻿TECH1/2526, 14
﻿TECH1/253, 4
﻿TECH1/2531, 2
﻿TECH1/2533, 3
﻿TECH1/2534, 8
﻿TECH1/2536, 5
﻿TECH1/2539, 20
﻿TECH1/2542, 20
﻿TECH1/2543, 20
﻿TECH1/2549, 4
﻿TECH1/2550, 2
﻿TECH1/2551, 4
﻿TECH1/2554, 50
﻿TECH1/2555, 47
﻿TECH1/2556, 48
﻿TECH1/2557, 50
﻿TECH1/2558, 47
﻿TECH1/2561, 5
﻿TECH1/2562, 5
﻿TECH1/2563, 5
﻿TECH1/2564, 5
﻿TECH1/2565, 10
﻿TECH1/2566, 10
﻿TECH1/2567, 3
﻿TECH1/2568, 5
﻿TECH1/2569, 10
﻿TECH1/2570, 10
﻿TECH1/2571, 5
﻿TECH1/2572, 5
﻿TECH1/2573, 10
﻿TECH1/2574, 1
﻿TECH1/2575, 1
﻿TECH1/2576, 3
﻿TECH1/2577, 22
﻿TECH1/2579, 25
﻿TECH1/2581, 1
﻿TECH1/2582, 4
﻿TECH1/2586, 10
﻿TECH1/2591, 69
﻿TECH1/2592, 83
﻿TECH1/2594, 4
﻿TECH1/2597, 49
﻿TECH1/2598, 5
﻿TECH1/2599, 6
﻿TECH1/2602, 100
﻿TECH1/2603, 96
﻿TECH1/2604, 32
﻿TECH1/2605, 69
﻿TECH1/2607, 11
﻿TECH1/2610, 1
﻿TECH1/2611, 2
﻿TECH1/2614, 15
﻿TECH1/2616, 4
﻿TECH1/2617, 1
﻿TECH1/2618, 1
﻿TECH1/2619, 18
﻿TECH1/2620, 3
﻿TECH1/2621, 2
﻿TECH1/2622, 2
﻿TECH1/2624, 2
﻿TECH1/2625, 2
﻿TECH1/2626, 1
﻿TECH1/2628, 18
﻿TECH1/2633, 2
﻿TECH1/2669, 19
﻿TECH1/2697, 89
﻿TECH1/2700, 2
﻿TECH1/2701, 1
﻿TECH1/2702, 1
﻿TECH1/2703, 1
﻿TECH1/2704, 1
﻿TECH1/2706, 500
﻿TECH1/2709, 1750
﻿TECH1/2710, 250
﻿TECH1/2711, 750
﻿TECH1/2713, 1
﻿TECH1/2714, 1
﻿TECH1/2715, 1
﻿TECH1/2716, 1
﻿TECH1/2717, 1
﻿TECH1/2722, 1
﻿TECH1/2724, 1
﻿TECH1/2725, 1
﻿TECH1/2731, 1
﻿TECH1/2732, 1
﻿TECH1/2733, 1
﻿TECH1/2734, 1
﻿TECH1/2735, 1
﻿TECH1/274, 2
﻿TECH1/275, 1
﻿TECH1/2751, 900
﻿TECH1/2752, 100
﻿TECH1/2753, 1
﻿TECH1/2754, 1
﻿TECH1/2755, 2
﻿TECH1/2756, 4
﻿TECH1/2757, 34
﻿TECH1/2758, 18
﻿TECH1/2764, 1
﻿TECH1/2778, 1
﻿TECH1/2779, 1
﻿TECH1/2780, 1
﻿TECH1/2781, 1
﻿TECH1/2782, 1
﻿TECH1/2783, 1
﻿TECH1/2786, 1
﻿TECH1/2787, 1
﻿TECH1/2788, 8
﻿TECH1/2789, 1
﻿TECH1/2790, 1
﻿TECH1/2793, 6
﻿TECH1/2794, 1
﻿TECH1/2795, 1
﻿TECH1/2796, 2
﻿TECH1/2797, 1
﻿TECH1/2798, 1
﻿TECH1/2799, 1
﻿TECH1/2800, 1
﻿TECH1/2801, 1
﻿TECH1/2802, 1
﻿TECH1/2803, 1
﻿TECH1/2804, 3
﻿TECH1/2805, 1
﻿TECH1/2806, 1
﻿TECH1/2807, 1
﻿TECH1/2808, 1
﻿TECH1/2809, 1
﻿TECH1/2810, 10
﻿TECH1/2816, 4
﻿TECH1/2817, 4
﻿TECH1/2819, 1
﻿TECH1/2821, 1
﻿TECH1/2822, 1
﻿TECH1/2823, 1
﻿TECH1/2824, 1
﻿TECH1/2825, 2
﻿TECH1/2826, 3
﻿TECH1/2827, 1
﻿TECH1/2828, 1
﻿TECH1/2829, 2
﻿TECH1/2832, 1
﻿TECH1/2833, 5
﻿TECH1/2834, 1
﻿TECH1/2835, 1
﻿TECH1/2836, 1
﻿TECH1/2837, 1
﻿TECH1/2838, 1
﻿TECH1/2839, 1
﻿TECH1/284, 2
﻿TECH1/2840, 1
﻿TECH1/2841, 1
﻿TECH1/2842, 1
﻿TECH1/2843, 2
﻿TECH1/2844, 3
﻿TECH1/2845, 1
﻿TECH1/2846, 2
﻿TECH1/2848, 1
﻿TECH1/2849, 1
﻿TECH1/285, 2
﻿TECH1/2850, 1
﻿TECH1/2851, 1
﻿TECH1/2852, 1
﻿TECH1/2853, 1
﻿TECH1/2854, 1
﻿TECH1/2855, 2
﻿TECH1/2856, 1
﻿TECH1/2857, 3
﻿TECH1/2858, 1
﻿TECH1/2859, 1
﻿TECH1/286, 6
﻿TECH1/2860, 1
﻿TECH1/2861, 1
﻿TECH1/2862, 1
﻿TECH1/2863, 2
﻿TECH1/2864, 1
﻿TECH1/2866, 4
﻿TECH1/2869, 5
﻿TECH1/2871, 4
﻿TECH1/2875, 12
﻿TECH1/2878, 1
﻿TECH1/2879, 1
﻿TECH1/2880, 3
﻿TECH1/2881, 2
﻿TECH1/2883, 6
﻿TECH1/2884, 3
﻿TECH1/2885, 6
﻿TECH1/2886, 1
﻿TECH1/2887, 1
﻿TECH1/2888, 1
﻿TECH1/2889, 1
﻿TECH1/289, 1
﻿TECH1/2890, 1
﻿TECH1/2891, 1
﻿TECH1/2894, 1
﻿TECH1/2895, 1
﻿TECH1/2896, 1
﻿TECH1/2897, 1
﻿TECH1/2898, 1
﻿TECH1/2899, 2
﻿TECH1/2900, 2
﻿TECH1/2901, 1
﻿TECH1/2903, 2
﻿TECH1/2904, 2
﻿TECH1/2905, 2
﻿TECH1/2906, 2
﻿TECH1/2907, 1
﻿TECH1/291, 1
﻿TECH1/2910, 1
﻿TECH1/2911, 2
﻿TECH1/2913, 1
﻿TECH1/2914, 2
﻿TECH1/2916, 1
﻿TECH1/2918, 2
﻿TECH1/292, 1
﻿TECH1/2920, 2
﻿TECH1/2921, 1
﻿TECH1/2922, 1
﻿TECH1/2923, 1
﻿TECH1/2924, 1
﻿TECH1/2925, 1
﻿TECH1/2926, 1
﻿TECH1/2927, 1
﻿TECH1/2928, 1
﻿TECH1/2929, 1
﻿TECH1/293, 1
﻿TECH1/2930, 1
﻿TECH1/2931, 1
﻿TECH1/2933, 1
﻿TECH1/2934, 2
﻿TECH1/2935, 2
﻿TECH1/2937, 3
﻿TECH1/2939, 2
﻿TECH1/294, 1
﻿TECH1/2941, 1
﻿TECH1/2945, 2
﻿TECH1/2947, 8
﻿TECH1/2948, 5
﻿TECH1/295, 1
﻿TECH1/2951, 1
﻿TECH1/2952, 2
﻿TECH1/2953, 1
﻿TECH1/2954, 1
﻿TECH1/2955, 1
﻿TECH1/2957, 1
﻿TECH1/2958, 1
﻿TECH1/2959, 1
﻿TECH1/296, 1
﻿TECH1/2960, 1
﻿TECH1/2961, 1
﻿TECH1/2962, 1
﻿TECH1/2963, 1
﻿TECH1/2964, 1
﻿TECH1/2965, 2
﻿TECH1/2966, 1
﻿TECH1/2967, 1
﻿TECH1/2968, 1
﻿TECH1/2969, 1
﻿TECH1/297, 1
﻿TECH1/2970, 1
﻿TECH1/2971, 1
﻿TECH1/2972, 1
﻿TECH1/2973, 4
﻿TECH1/2974, 1
﻿TECH1/2975, 1
﻿TECH1/2976, 1
﻿TECH1/2977, 2
﻿TECH1/2978, 5
﻿TECH1/2979, 1
﻿TECH1/298, 1
﻿TECH1/2980, 1
﻿TECH1/2981, 1
﻿TECH1/2982, 1
﻿TECH1/2983, 1
﻿TECH1/2984, 1
﻿TECH1/2985, 1
﻿TECH1/2987, 1
﻿TECH1/2988, 1
﻿TECH1/2989, 1
﻿TECH1/299, 1
﻿TECH1/2990, 1
﻿TECH1/2991, 1
﻿TECH1/2992, 1
﻿TECH1/2994, 1
﻿TECH1/2995, 1
﻿TECH1/2996, 1
﻿TECH1/2998, 2
﻿TECH1/300, 1
﻿TECH1/3000, 4
﻿TECH1/3001, 1
﻿TECH1/3003, 1
﻿TECH1/3005, 30
﻿TECH1/301, 1
﻿TECH1/3010, 6
﻿TECH1/3012, 1
﻿TECH1/3017, 7674
﻿TECH1/3018, 654
﻿TECH1/302, 1
﻿TECH1/3020, 137
﻿TECH1/3023, 36
﻿TECH1/3024, 4
﻿TECH1/304, 1
﻿TECH1/3043, 2
﻿TECH1/3044, 1
﻿TECH1/3045, 4
﻿TECH1/305, 1
﻿TECH1/3051, 11
﻿TECH1/3054, 4
﻿TECH1/306, 1
﻿TECH1/3061, 27
﻿TECH1/3062, 2
﻿TECH1/307, 1
﻿TECH1/3078, 23
﻿TECH1/308, 1
﻿TECH1/3080, 20
﻿TECH1/3083, 2
﻿TECH1/3084, 3
﻿TECH1/3085, 4
﻿TECH1/3087, 20
﻿TECH1/3088, 10
﻿TECH1/3089, 10
﻿TECH1/309, 1
﻿TECH1/3090, 7
﻿TECH1/3091, 8
﻿TECH1/3092, 10
﻿TECH1/3093, 10
﻿TECH1/3094, 10
﻿TECH1/3098, 3
﻿TECH1/3099, 1
﻿TECH1/310, 1
﻿TECH1/3100, 5
﻿TECH1/3102, 1
﻿TECH1/3103, 2
﻿TECH1/3104, 1
﻿TECH1/3105, 30
﻿TECH1/3106, 1
﻿TECH1/3107, 1
﻿TECH1/3108, 1
﻿TECH1/3109, 1
﻿TECH1/311, 1
﻿TECH1/3115, 3
﻿TECH1/3116, 2
﻿TECH1/3118, 2
﻿TECH1/3119, 1
﻿TECH1/3121, 1
﻿TECH1/3122, 4
﻿TECH1/3126, 1
﻿TECH1/3127, 4
﻿TECH1/3128, 1
﻿TECH1/313, 1
﻿TECH1/3134, 1
﻿TECH1/3136, 2
﻿TECH1/3137, 2
﻿TECH1/3138, 1
﻿TECH1/314, 1
﻿TECH1/3142, 20
﻿TECH1/3143, 19
﻿TECH1/315, 1
﻿TECH1/3159, 12
﻿TECH1/316, 1
﻿TECH1/3162, 3
﻿TECH1/3169, 1
﻿TECH1/317, 1
﻿TECH1/3174, 1
﻿TECH1/318, 1
﻿TECH1/3182, 2
﻿TECH1/3185, 4
﻿TECH1/3186, 10
﻿TECH1/3188, 1
﻿TECH1/3189, 3
﻿TECH1/3190, 6
﻿TECH1/3191, 1
﻿TECH1/3192, 1
﻿TECH1/3193, 4
﻿TECH1/3200, 2
﻿TECH1/3202, 2
﻿TECH1/3205, 1
﻿TECH1/3206, 2
﻿TECH1/3209, 7
﻿TECH1/3212, 2
﻿TECH1/3213, 11
﻿TECH1/3216, 5
﻿TECH1/3217, 5
﻿TECH1/3218, 8
﻿TECH1/3223, 1
﻿TECH1/3224, 3
﻿TECH1/3225, 1
﻿TECH1/3227, 2
﻿TECH1/3230, 9
﻿TECH1/3231, 4
﻿TECH1/3232, 10
﻿TECH1/3233, 10
﻿TECH1/3234, 1
﻿TECH1/3235, 1
﻿TECH1/3236, 6
﻿TECH1/3239, 3
﻿TECH1/3240, 27
﻿TECH1/3241, 5
﻿TECH1/3245, 2
﻿TECH1/3247, 3
﻿TECH1/3249, 1
﻿TECH1/3251, 2
﻿TECH1/3253, 1
﻿TECH1/3254, 1
﻿TECH1/3255, 3
﻿TECH1/3257, 2
﻿TECH1/3258, 2
﻿TECH1/3259, 3
﻿TECH1/3261, 1
﻿TECH1/3264, 1
﻿TECH1/3265, 1
﻿TECH1/3266, 4
﻿TECH1/3267, 1
﻿TECH1/3268, 7
﻿TECH1/327, 4
﻿TECH1/3270, 1
﻿TECH1/3272, 2
﻿TECH1/3275, 34
﻿TECH1/3277, 16
﻿TECH1/328, 4
﻿TECH1/3281, 1
﻿TECH1/3285, 1
﻿TECH1/3287, 7
﻿TECH1/3295, 1
﻿TECH1/3297, 1
﻿TECH1/3310, 3
﻿TECH1/3313, 1
﻿TECH1/3314, 1
﻿TECH1/3315, 4
﻿TECH1/3316, 1
﻿TECH1/3317, 1
﻿TECH1/3318, 1
﻿TECH1/332, 2
﻿TECH1/3320, 1
﻿TECH1/3321, 1
﻿TECH1/3322, 1
﻿TECH1/3323, 1
﻿TECH1/3324, 4
﻿TECH1/3325, 2
﻿TECH1/3327, 1
﻿TECH1/3328, 1
﻿TECH1/3329, 1
﻿TECH1/3330, 1
﻿TECH1/3331, 1
﻿TECH1/3332, 2
﻿TECH1/3333, 1
﻿TECH1/3335, 1
﻿TECH1/3336, 1
﻿TECH1/3337, 1
﻿TECH1/3338, 1
﻿TECH1/3339, 1
﻿TECH1/3340, 1
﻿TECH1/3342, 1
﻿TECH1/3343, 1
﻿TECH1/3344, 1
﻿TECH1/3345, 1
﻿TECH1/3346, 2
﻿TECH1/3347, 1
﻿TECH1/3349, 1
﻿TECH1/3350, 1
﻿TECH1/3351, 1
﻿TECH1/3353, 1
﻿TECH1/3354, 1
﻿TECH1/3356, 1
﻿TECH1/3360, 1
﻿TECH1/3361, 1
﻿TECH1/3362, 13
﻿TECH1/3364, 1
﻿TECH1/3366, 1
﻿TECH1/3367, 1
﻿TECH1/3368, 1
﻿TECH1/3369, 1
﻿TECH1/3370, 1
﻿TECH1/3371, 1
﻿TECH1/3372, 2
﻿TECH1/3373, 1
﻿TECH1/3379, 2
﻿TECH1/338, 1
﻿TECH1/3380, 1
﻿TECH1/3381, 1
﻿TECH1/3382, 1
﻿TECH1/3386, 2
﻿TECH1/3387, 2
﻿TECH1/3390, 1
﻿TECH1/3391, 1
﻿TECH1/3400, 2
﻿TECH1/3409, 2
﻿TECH1/3410, 2
﻿TECH1/3411, 2
﻿TECH1/3414, 1
﻿TECH1/3424, 1
﻿TECH1/3426, 1
﻿TECH1/3427, 1
﻿TECH1/3428, 7
﻿TECH1/3429, 6
﻿TECH1/3430, 2
﻿TECH1/3431, 4
﻿TECH1/3432, 7
﻿TECH1/3433, 1
﻿TECH1/3434, 4
﻿TECH1/3435, 1
﻿TECH1/3436, 1
﻿TECH1/3437, 1
﻿TECH1/3438, 6
﻿TECH1/3439, 2
﻿TECH1/3440, 3
﻿TECH1/3441, 1
﻿TECH1/3442, 2
﻿TECH1/3443, 2
﻿TECH1/3444, 2
﻿TECH1/3445, 2
﻿TECH1/3446, 2
﻿TECH1/3447, 2
﻿TECH1/3448, 2
﻿TECH1/3449, 2
﻿TECH1/3450, 2
﻿TECH1/3451, 2
﻿TECH1/3452, 1
﻿TECH1/3453, 1
﻿TECH1/3454, 1
﻿TECH1/3455, 1
﻿TECH1/3456, 1
﻿TECH1/3457, 1
﻿TECH1/3458, 1
﻿TECH1/3459, 2
﻿TECH1/3460, 2
﻿TECH1/3461, 2
﻿TECH1/3462, 2
﻿TECH1/3463, 2
﻿TECH1/3464, 2
﻿TECH1/3465, 2
﻿TECH1/3466, 2
﻿TECH1/3467, 2
﻿TECH1/3468, 2
﻿TECH1/3469, 1
﻿TECH1/3470, 1
﻿TECH1/3471, 1
﻿TECH1/3472, 1
﻿TECH1/3473, 1
﻿TECH1/3474, 1
﻿TECH1/3475, 1
﻿TECH1/3476, 5
﻿TECH1/3479, 1
﻿TECH1/3480, 1
﻿TECH1/3487, 6
﻿TECH1/3490, 5
﻿TECH1/3499, 4
﻿TECH1/3501, 7
﻿TECH1/3502, 1
﻿TECH1/3503, 3
﻿TECH1/3504, 100
﻿TECH1/3505, 100
﻿TECH1/3507, 186
﻿TECH1/3508, 90
﻿TECH1/3509, 90
﻿TECH1/3510, 96
﻿TECH1/3519, 7
﻿TECH1/352, 3
﻿TECH1/3520, 6
﻿TECH1/3521, 10
﻿TECH1/3523, 5
﻿TECH1/3524, 40
﻿TECH1/3525, 2
﻿TECH1/3526, 39
﻿TECH1/3527, 51
﻿TECH1/3528, 5
﻿TECH1/3529, 10
﻿TECH1/353, 4
﻿TECH1/3530, 6
﻿TECH1/3531, 1
﻿TECH1/3532, 6
﻿TECH1/3533, 6
﻿TECH1/3534, 283
﻿TECH1/3536, 2
﻿TECH1/3537, 3
﻿TECH1/3538, 5
﻿TECH1/354, 1
﻿TECH1/3543, 3
﻿TECH1/3544, 8
﻿TECH1/3545, 3
﻿TECH1/3546, 2
﻿TECH1/3555, 5
﻿TECH1/3560, 6
﻿TECH1/3561, 8
﻿TECH1/3565, 7
﻿TECH1/3567, 1
﻿TECH1/3569, 3
﻿TECH1/3570, 2
﻿TECH1/3571, 1
﻿TECH1/3572, 6
﻿TECH1/3574, 1
﻿TECH1/3581, 1
﻿TECH1/3583, 3
﻿TECH1/3584, 1
﻿TECH1/3587, 24
﻿TECH1/3590, 59
﻿TECH1/3593, 39
﻿TECH1/3594, 99
﻿TECH1/3595, 13
﻿TECH1/3603, 58
﻿TECH1/3604, 204
﻿TECH1/3605, 5
﻿TECH1/3606, 102
﻿TECH1/3607, 59
﻿TECH1/3608, 35
﻿TECH1/3609, 36
﻿TECH1/3610, 41
﻿TECH1/3614, 3
﻿TECH1/3616, 3
﻿TECH1/3618, 1
﻿TECH1/3620, 1
﻿TECH1/3621, 1
﻿TECH1/3622, 10
﻿TECH1/3624, 1
﻿TECH1/3625, 1
﻿TECH1/3627, 2
﻿TECH1/3628, 3
﻿TECH1/3629, 1
﻿TECH1/3630, 2
﻿TECH1/3631, 2
﻿TECH1/3634, 1
﻿TECH1/3635, 1
﻿TECH1/3636, 2
﻿TECH1/3638, 1
﻿TECH1/3639, 1
﻿TECH1/3641, 20
﻿TECH1/3643, 1
﻿TECH1/3644, 1
﻿TECH1/3645, 1
﻿TECH1/3646, 11
﻿TECH1/3647, 1
﻿TECH1/3648, 1
﻿TECH1/3649, 1
﻿TECH1/3651, 1
﻿TECH1/3652, 1
﻿TECH1/3653, 1
﻿TECH1/3654, 1
﻿TECH1/3655, 3
﻿TECH1/3657, 2
﻿TECH1/3658, 1
﻿TECH1/3661, 1
﻿TECH1/3662, 1
﻿TECH1/3671, 1
﻿TECH1/3675, 1
﻿TECH1/3676, 2
﻿TECH1/3677, 16
﻿TECH1/3679, 2
﻿TECH1/3680, 10
﻿TECH1/3681, 3
﻿TECH1/3683, 1
﻿TECH1/3686, 1
﻿TECH1/3688, 1
﻿TECH1/3694, 4
﻿TECH1/3698, 1
﻿TECH1/3701, 1
﻿TECH1/3707, 1
﻿TECH1/3708, 5
﻿TECH1/3709, 21
﻿TECH1/3712, 2
﻿TECH1/3713, 1
﻿TECH1/3714, 2
﻿TECH1/3715, 1
﻿TECH1/3716, 1
﻿TECH1/3717, 6
﻿TECH1/3719, 17
﻿TECH1/3722, 1
﻿TECH1/3724, 1
﻿TECH1/3726, 2
﻿TECH1/3729, 1
﻿TECH1/3730, 1
﻿TECH1/3731, 2
﻿TECH1/3734, 95
﻿TECH1/3735, 10
﻿TECH1/3738, 2
﻿TECH1/3744, 10
﻿TECH1/3747, 5
﻿TECH1/3754, 20
﻿TECH1/3759, 20
﻿TECH1/3760, 20
﻿TECH1/3761, 19
﻿TECH1/3763, 2
﻿TECH1/3764, 18
﻿TECH1/3768, 20
﻿TECH1/3774, 1
﻿TECH1/3775, 42
﻿TECH1/3777, 8
﻿TECH1/3778, 3
﻿TECH1/3779, 5
﻿TECH1/38, 6
﻿TECH1/3803, 22
﻿TECH1/3807, 20
﻿TECH1/3815, 18
﻿TECH1/3817, 9
﻿TECH1/3822, 1
﻿TECH1/3825, 4
﻿TECH1/3827, 6
﻿TECH1/3828, 1
﻿TECH1/3851, 1
﻿TECH1/3852, 2
﻿TECH1/3858, 3
﻿TECH1/386, 1
﻿TECH1/3860, 10
﻿TECH1/3861, 90
﻿TECH1/3863, 1
﻿TECH1/3864, 1
﻿TECH1/3868, 4
﻿TECH1/3869, 1
﻿TECH1/387, 2
﻿TECH1/3873, 14
﻿TECH1/3875, 5
﻿TECH1/3876, 3
﻿TECH1/3878, 1
﻿TECH1/3879, 6
﻿TECH1/3880, 5
﻿TECH1/3882, 5
﻿TECH1/3883, 3
﻿TECH1/3884, 8
﻿TECH1/3886, 2
﻿TECH1/3890, 2
﻿TECH1/3892, 2
﻿TECH1/3894, 1
﻿TECH1/3899, 1
﻿TECH1/3900, 2
﻿TECH1/3901, 2
﻿TECH1/3902, 1
﻿TECH1/3903, 3
﻿TECH1/3904, 10
﻿TECH1/3905, 3
﻿TECH1/3906, 5
﻿TECH1/3907, 1
﻿TECH1/3908, 15
﻿TECH1/3910, 11
﻿TECH1/3911, 21
﻿TECH1/3913, 15
﻿TECH1/3914, 1
﻿TECH1/3917, 5
﻿TECH1/3918, 5
﻿TECH1/3920, 9
﻿TECH1/3922, 1
﻿TECH1/3924, 1
﻿TECH1/3936, 5
﻿TECH1/3951, 1
﻿TECH1/3952, 1
﻿TECH1/3962, 6
﻿TECH1/3972, 5
﻿TECH1/3973, 2
﻿TECH1/3974, 2
﻿TECH1/3975, 4
﻿TECH1/3976, 3
﻿TECH1/3977, 8
﻿TECH1/3978, 10
﻿TECH1/3979, 4
﻿TECH1/3980, 4
﻿TECH1/3981, 21
﻿TECH1/3982, 25
﻿TECH1/3984, 3
﻿TECH1/3985, 2
﻿TECH1/3986, 9
﻿TECH1/3988, 2
﻿TECH1/3989, 2
﻿TECH1/3990, 6
﻿TECH1/3992, 13
﻿TECH1/3993, 6
﻿TECH1/3994, 2
﻿TECH1/3995, 38
﻿TECH1/3996, 58
﻿TECH1/3997, 2
﻿TECH1/3998, 1
﻿TECH1/4001, 1
﻿TECH1/4004, 4
﻿TECH1/4006, 3
﻿TECH1/4007, 1
﻿TECH1/4008, 2
﻿TECH1/4010, 2
﻿TECH1/4013, 3
﻿TECH1/4014, 10
﻿TECH1/4018, 5
﻿TECH1/4019, 20
﻿TECH1/402, 7
﻿TECH1/4022, 3
﻿TECH1/4023, 1
﻿TECH1/4024, 28
﻿TECH1/4026, 150
﻿TECH1/4028, 18
﻿TECH1/4029, 25
﻿TECH1/403, 10
﻿TECH1/4034, 2
﻿TECH1/4035, 2
﻿TECH1/4036, 1
﻿TECH1/4037, 1
﻿TECH1/4039, 1
﻿TECH1/404, 10
﻿TECH1/4041, 1
﻿TECH1/4042, 1
﻿TECH1/4043, 6
﻿TECH1/4044, 23
﻿TECH1/4045, 7
﻿TECH1/4046, 19
﻿TECH1/4047, 34
﻿TECH1/4048, 10
﻿TECH1/4049, 5
﻿TECH1/405, 10
﻿TECH1/4050, 20
﻿TECH1/4051, 1
﻿TECH1/4053, 51
﻿TECH1/4054, 1
﻿TECH1/4055, 6
﻿TECH1/4056, 4
﻿TECH1/4057, 6
﻿TECH1/4058, 1
﻿TECH1/4059, 1
﻿TECH1/4060, 1
﻿TECH1/4061, 3
﻿TECH1/4062, 1
﻿TECH1/4063, 1
﻿TECH1/4064, 1
﻿TECH1/4065, 1
﻿TECH1/4066, 6
﻿TECH1/4067, 17
﻿TECH1/4068, 7
﻿TECH1/407, 1
﻿TECH1/4070, 15
﻿TECH1/4074, 4
﻿TECH1/4075, 1
﻿TECH1/4076, 1
﻿TECH1/4081, 4
﻿TECH1/4084, 5
﻿TECH1/4087, 3
﻿TECH1/4088, 7
﻿TECH1/4089, 5
﻿TECH1/409, 5
﻿TECH1/4090, 3
﻿TECH1/4091, 31
﻿TECH1/4093, 6
﻿TECH1/4095, 13
﻿TECH1/410, 6
﻿TECH1/4103, 18
﻿TECH1/4106, 1
﻿TECH1/4107, 3
﻿TECH1/4108, 1
﻿TECH1/411, 6
﻿TECH1/4113, 1
﻿TECH1/4127, 5
﻿TECH1/4132, 2
﻿TECH1/4137, 10
﻿TECH1/4139, 400
﻿TECH1/414, 8
﻿TECH1/4140, 38
﻿TECH1/4143, 2
﻿TECH1/4145, 4
﻿TECH1/4146, 1
﻿TECH1/4147, 1
﻿TECH1/4148, 1
﻿TECH1/4149, 3
﻿TECH1/4150, 10
﻿TECH1/4151, 4
﻿TECH1/4153, 2
﻿TECH1/4156, 3
﻿TECH1/4157, 1
﻿TECH1/4158, 5
﻿TECH1/4162, 6
﻿TECH1/4163, 1
﻿TECH1/4164, 1
﻿TECH1/4166, 3
﻿TECH1/4169, 3
﻿TECH1/4170, 1
﻿TECH1/4175, 15
﻿TECH1/4176, 2
﻿TECH1/4177, 1
﻿TECH1/4178, 5
﻿TECH1/4179, 15
﻿TECH1/4180, 21
﻿TECH1/4181, 4
﻿TECH1/4182, 2
﻿TECH1/4184, 3
﻿TECH1/4188, 4
﻿TECH1/4189, 4
﻿TECH1/419, 6
﻿TECH1/4191, 8
﻿TECH1/4192, 8
﻿TECH1/4193, 10
﻿TECH1/4194, 6
﻿TECH1/4195, 9
﻿TECH1/4196, 6
﻿TECH1/4197, 8
﻿TECH1/4198, 3
﻿TECH1/4199, 3
﻿TECH1/4200, 2
﻿TECH1/4201, 3
﻿TECH1/4202, 2
﻿TECH1/4203, 1
﻿TECH1/4204, 1
﻿TECH1/4206, 1
﻿TECH1/4210, 29
﻿TECH1/4211, 2
﻿TECH1/4213, 2
﻿TECH1/4214, 3
﻿TECH1/4215, 1
﻿TECH1/4216, 1
﻿TECH1/4217, 1
﻿TECH1/4218, 3
﻿TECH1/4219, 1
﻿TECH1/4222, 2
﻿TECH1/4224, 1
﻿TECH1/4228, 4
﻿TECH1/423, 2
﻿TECH1/4230, 3
﻿TECH1/4237, 2
﻿TECH1/4239, 1
﻿TECH1/4243, 3
﻿TECH1/4248, 8
﻿TECH1/4249, 1
﻿TECH1/425, 4
﻿TECH1/4250, 6
﻿TECH1/4258, 1
﻿TECH1/426, 2
﻿TECH1/4260, 10
﻿TECH1/4261, 1
﻿TECH1/4262, 2
﻿TECH1/4264, 2
﻿TECH1/4265, 2
﻿TECH1/4267, 2
﻿TECH1/4268, 1
﻿TECH1/427, 8
﻿TECH1/4271, 2
﻿TECH1/4273, 1
﻿TECH1/4275, 2
﻿TECH1/4277, 2
﻿TECH1/4279, 8
﻿TECH1/4280, 1
﻿TECH1/4281, 2
﻿TECH1/4284, 12
﻿TECH1/4287, 1
﻿TECH1/4289, 6
﻿TECH1/429, 19
﻿TECH1/4290, 2
﻿TECH1/4291, 5
﻿TECH1/4295, 1
﻿TECH1/4296, 3
﻿TECH1/4299, 2
﻿TECH1/4301, 1
﻿TECH1/4303, 1
﻿TECH1/4304, 5
﻿TECH1/4305, 1
﻿TECH1/4306, 1
﻿TECH1/4308, 5
﻿TECH1/4310, 25
﻿TECH1/4312, 2
﻿TECH1/4313, 3
﻿TECH1/4315, 4
﻿TECH1/4316, 6
﻿TECH1/4317, 6
﻿TECH1/4321, 4
﻿TECH1/4322, 6
﻿TECH1/4324, 4
﻿TECH1/4331, 1
﻿TECH1/4333, 1
﻿TECH1/4334, 1
﻿TECH1/4335, 19
﻿TECH1/4336, 20
﻿TECH1/4337, 1
﻿TECH1/4338, 1
﻿TECH1/4339, 9
﻿TECH1/4341, 2
﻿TECH1/4344, 6
﻿TECH1/4345, 28
﻿TECH1/4346, 12
﻿TECH1/4353, 6
﻿TECH1/4354, 2
﻿TECH1/4357, 6
﻿TECH1/4362, 10
﻿TECH1/4365, 1
﻿TECH1/4367, 4
﻿TECH1/4368, 16
﻿TECH1/4374, 1
﻿TECH1/4376, 4
﻿TECH1/4377, 4
﻿TECH1/4378, 4
﻿TECH1/4379, 12
﻿TECH1/4380, 2
﻿TECH1/4381, 1
﻿TECH1/4382, 6
﻿TECH1/4383, 6
﻿TECH1/4384, 9
﻿TECH1/4385, 4
﻿TECH1/4386, 4
﻿TECH1/4389, 2
﻿TECH1/4390, 1
﻿TECH1/4391, 2
﻿TECH1/4392, 2
﻿TECH1/4393, 4
﻿TECH1/4394, 6
﻿TECH1/4396, 2
﻿TECH1/440, 3
﻿TECH1/4400, 1
﻿TECH1/4401, 2
﻿TECH1/4402, 2
﻿TECH1/4403, 6
﻿TECH1/4404, 1
﻿TECH1/4405, 1
﻿TECH1/4406, 2
﻿TECH1/4407, 2
﻿TECH1/4408, 1
﻿TECH1/4409, 6
﻿TECH1/441, 12
﻿TECH1/4410, 6
﻿TECH1/4411, 6
﻿TECH1/4412, 3
﻿TECH1/4413, 1
﻿TECH1/4414, 12
﻿TECH1/4415, 4
﻿TECH1/4416, 3
﻿TECH1/4417, 5
﻿TECH1/4418, 8
﻿TECH1/4419, 1
﻿TECH1/4423, 11
﻿TECH1/4424, 1
﻿TECH1/4426, 4
﻿TECH1/4427, 1
﻿TECH1/4428, 1
﻿TECH1/4429, 1
﻿TECH1/4430, 1
﻿TECH1/4431, 6
﻿TECH1/4432, 6
﻿TECH1/4433, 3
﻿TECH1/4434, 2
﻿TECH1/4435, 12
﻿TECH1/4436, 1
﻿TECH1/4437, 1
﻿TECH1/4438, 15
﻿TECH1/4439, 5
﻿TECH1/4440, 5
﻿TECH1/4441, 2
﻿TECH1/4443, 2
﻿TECH1/4444, 1
﻿TECH1/4445, 8
﻿TECH1/4446, 2
﻿TECH1/4447, 8
﻿TECH1/4448, 1
﻿TECH1/4449, 1
﻿TECH1/4450, 1
﻿TECH1/4451, 1
﻿TECH1/4453, 1
﻿TECH1/4455, 2
﻿TECH1/4456, 10
﻿TECH1/4457, 7
﻿TECH1/4458, 8
﻿TECH1/4459, 1
﻿TECH1/446, 4
﻿TECH1/4460, 2
﻿TECH1/4462, 13
﻿TECH1/4463, 14
﻿TECH1/4464, 2
﻿TECH1/4465, 9
﻿TECH1/4466, 6
﻿TECH1/4467, 10
﻿TECH1/4468, 1
﻿TECH1/4469, 5
﻿TECH1/447, 4
﻿TECH1/4470, 6
﻿TECH1/4471, 6
﻿TECH1/4474, 3
﻿TECH1/4476, 1
﻿TECH1/4478, 1
﻿TECH1/448, 4
﻿TECH1/4480, 1
﻿TECH1/4483, 2
﻿TECH1/4485, 1
﻿TECH1/4486, 5
﻿TECH1/4487, 1
﻿TECH1/4488, 1
﻿TECH1/4489, 1
﻿TECH1/4491, 1
﻿TECH1/4492, 2
﻿TECH1/4493, 2
﻿TECH1/4494, 1
﻿TECH1/4495, 1
﻿TECH1/4496, 1
﻿TECH1/4497, 1
﻿TECH1/4498, 1
﻿TECH1/4499, 4
﻿TECH1/4501, 5
﻿TECH1/4502, 2
﻿TECH1/4503, 1
﻿TECH1/4504, 2
﻿TECH1/4505, 2
﻿TECH1/4506, 1
﻿TECH1/4507, 1
﻿TECH1/4508, 1
﻿TECH1/4509, 1
﻿TECH1/4510, 1
﻿TECH1/4511, 1
﻿TECH1/4513, 11
﻿TECH1/4514, 10
﻿TECH1/4515, 1
﻿TECH1/4516, 10
﻿TECH1/4518, 15
﻿TECH1/4519, 2
﻿TECH1/4520, 2
﻿TECH1/4521, 49
﻿TECH1/4522, 2
﻿TECH1/4523, 1
﻿TECH1/4524, 1
﻿TECH1/4525, 1
﻿TECH1/4526, 1
﻿TECH1/4527, 1
﻿TECH1/4528, 1
﻿TECH1/4529, 1
﻿TECH1/453, 5
﻿TECH1/4530, 2
﻿TECH1/4531, 2
﻿TECH1/4532, 5
﻿TECH1/4533, 1
﻿TECH1/4534, 1
﻿TECH1/4535, 10
﻿TECH1/4536, 1
﻿TECH1/4537, 1
﻿TECH1/4539, 2
﻿TECH1/4540, 4
﻿TECH1/4541, 1
﻿TECH1/4542, 7
﻿TECH1/4543, 2
﻿TECH1/4544, 1
﻿TECH1/4546, 2
﻿TECH1/4547, 2
﻿TECH1/4548, 2
﻿TECH1/4549, 2
﻿TECH1/455, 2
﻿TECH1/4550, 4
﻿TECH1/4551, 3
﻿TECH1/4552, 2
﻿TECH1/4553, 4
﻿TECH1/4554, 4
﻿TECH1/4555, 2
﻿TECH1/4556, 4
﻿TECH1/4557, 9
﻿TECH1/4558, 2
﻿TECH1/4559, 2
﻿TECH1/456, 4
﻿TECH1/4562, 1
﻿TECH1/4563, 1
﻿TECH1/4564, 1
﻿TECH1/4565, 50
﻿TECH1/4566, 1
﻿TECH1/4567, 1
﻿TECH1/4568, 40
﻿TECH1/4570, 18
﻿TECH1/4571, 37
﻿TECH1/4572, 1
﻿TECH1/4575, 1
﻿TECH1/4576, 4
﻿TECH1/4578, 1
﻿TECH1/4579, 6
﻿TECH1/4580, 1
﻿TECH1/4581, 1
﻿TECH1/4611, 2
﻿TECH1/4614, 5
﻿TECH1/4615, 2
﻿TECH1/462, 5
﻿TECH1/4628, 12
﻿TECH1/463, 2
﻿TECH1/4631, 10
﻿TECH1/4632, 1
﻿TECH1/4637, 2
﻿TECH1/464, 2
﻿TECH1/4647, 10
﻿TECH1/4652, 3
﻿TECH1/4653, 2
﻿TECH1/4655, 1
﻿TECH1/4656, 1
﻿TECH1/4657, 1
﻿TECH1/4659, 2
﻿TECH1/4660, 2
﻿TECH1/4661, 3
﻿TECH1/4662, 4
﻿TECH1/4663, 4
﻿TECH1/4664, 1
﻿TECH1/4666, 1
﻿TECH1/4671, 1
﻿TECH1/4672, 1
﻿TECH1/4690, 194
﻿TECH1/4692, 2
﻿TECH1/4695, 2
﻿TECH1/4696, 2
﻿TECH1/4699, 2
﻿TECH1/4700, 1
﻿TECH1/4703, 3
﻿TECH1/475, 49
﻿TECH1/4755, 3
﻿TECH1/477, 5
﻿TECH1/4799, 3
﻿TECH1/4805, 1
﻿TECH1/4832, 20
﻿TECH1/4841, 1
﻿TECH1/4843, 1
﻿TECH1/4844, 1
﻿TECH1/4845, 1
﻿TECH1/4847, 1
﻿TECH1/4849, 1
﻿TECH1/4850, 12
﻿TECH1/4851, 1
﻿TECH1/4861, 4
﻿TECH1/49, 9
﻿TECH1/49000, 100
﻿TECH1/492, 2
﻿TECH1/493, 1
﻿TECH1/4935, 4
﻿TECH1/494, 10
﻿TECH1/495, 12
﻿TECH1/496, 1
﻿TECH1/497, 19
﻿TECH1/498, 6
﻿TECH1/4996, 2
﻿TECH1/5002, 30
﻿TECH1/5011, 4
﻿TECH1/5012, 4
﻿TECH1/5013, 6
﻿TECH1/502, 97
﻿TECH1/5033, 2
﻿TECH1/5041, 3
﻿TECH1/5062, 1
﻿TECH1/508, 4
﻿TECH1/523, 6
﻿TECH1/524, 10
﻿TECH1/525, 2
﻿TECH1/526, 2
﻿TECH1/528, 5
﻿TECH1/534, 4
﻿TECH1/536, 1
﻿TECH1/537, 6
﻿TECH1/538, 2
﻿TECH1/539, 2
﻿TECH1/54, 20
﻿TECH1/540, 2
﻿TECH1/546, 4
﻿TECH1/547, 6
﻿TECH1/548, 2
﻿TECH1/549, 1
﻿TECH1/550, 1
﻿TECH1/551, 1
﻿TECH1/552, 4
﻿TECH1/553, 2
﻿TECH1/555, 2
﻿TECH1/556, 2
﻿TECH1/558, 1
﻿TECH1/559, 1
﻿TECH1/56, 2
﻿TECH1/560, 83
﻿TECH1/562, 8
﻿TECH1/563, 10
﻿TECH1/565, 2
﻿TECH1/567, 1
﻿TECH1/569, 1
﻿TECH1/570, 2
﻿TECH1/571, 2
﻿TECH1/574, 2
﻿TECH1/584, 3
﻿TECH1/586, 2
﻿TECH1/587, 2
﻿TECH1/588, 2
﻿TECH1/589, 2
﻿TECH1/590, 2
﻿TECH1/591, 2
﻿TECH1/592, 2
﻿TECH1/593, 3
﻿TECH1/594, 3
﻿TECH1/595, 6
﻿TECH1/596, 11
﻿TECH1/597, 3
﻿TECH1/598, 3
﻿TECH1/599, 3
﻿TECH1/600, 3
﻿TECH1/601, 12
﻿TECH1/602, 5
﻿TECH1/606, 3
﻿TECH1/607, 2
﻿TECH1/608, 2
﻿TECH1/609, 2
﻿TECH1/610, 2
﻿TECH1/611, 2
﻿TECH1/612, 3
﻿TECH1/615, 3
﻿TECH1/617, 2
﻿TECH1/619, 5
﻿TECH1/620, 1
﻿TECH1/622, 2
﻿TECH1/623, 3
﻿TECH1/625, 12
﻿TECH1/628, 1
﻿TECH1/629, 6
﻿TECH1/63, 9
﻿TECH1/630, 6
﻿TECH1/632, 4
﻿TECH1/633, 6
﻿TECH1/634, 7
﻿TECH1/638, 1
﻿TECH1/639, 2
﻿TECH1/640, 4
﻿TECH1/641, 16
﻿TECH1/642, 12
﻿TECH1/648, 1
﻿TECH1/651, 37
﻿TECH1/652, 2
﻿TECH1/653, 1
﻿TECH1/655, 2
﻿TECH1/656, 12
﻿TECH1/657, 4
﻿TECH1/662, 3
﻿TECH1/663, 1
﻿TECH1/664, 1
﻿TECH1/666, 1
﻿TECH1/667, 1
﻿TECH1/668, 2
﻿TECH1/669, 1
﻿TECH1/670, 1
﻿TECH1/671, 1
﻿TECH1/672, 1
﻿TECH1/673, 10
﻿TECH1/675, 20
﻿TECH1/676, 30
﻿TECH1/678, 20
﻿TECH1/679, 20
﻿TECH1/680, 2
﻿TECH1/681, 3
﻿TECH1/682, 1
﻿TECH1/684, 2
﻿TECH1/685, 4
﻿TECH1/686, 1
﻿TECH1/687, 1
﻿TECH1/688, 1
﻿TECH1/689, 2
﻿TECH1/690, 2
﻿TECH1/692, 2
﻿TECH1/693, 2
﻿TECH1/695, 2
﻿TECH1/696, 1
﻿TECH1/698, 2
﻿TECH1/699, 1
﻿TECH1/700, 1
﻿TECH1/701, 1
﻿TECH1/703, 4
﻿TECH1/704, 1
﻿TECH1/705, 1
﻿TECH1/706, 1
﻿TECH1/707, 1
﻿TECH1/712, 2
﻿TECH1/713, 1
﻿TECH1/714, 1
﻿TECH1/716, 7
﻿TECH1/718, 1
﻿TECH1/719, 1
﻿TECH1/722, 1
﻿TECH1/724, 4
﻿TECH1/725, 4
﻿TECH1/726, 5
﻿TECH1/727, 4
﻿TECH1/728, 13
﻿TECH1/729, 6
﻿TECH1/730, 4
﻿TECH1/731, 4
﻿TECH1/732, 5
﻿TECH1/733, 1
﻿TECH1/734, 4
﻿TECH1/740, 2
﻿TECH1/76, 1
﻿TECH1/78, 2
﻿TECH1/791, 100
﻿TECH1/793, 960
﻿TECH1/8017, 22
﻿TECH1/8061, 15
﻿TECH1/8062, 10
﻿TECH1/83, 23
﻿TECH1/87, 54
﻿TECH1/88, 1
﻿TECH1/884, 300
﻿TECH1/889, 100
﻿TECH1/89, 1
﻿TECH1/93, 1
﻿TECH1/963, 1
﻿TECH1/965, 1
﻿TECH1/967, 1
﻿TECH1/971, 19
﻿TECH1/974, 1
﻿TECH1/975, 1
﻿TECH1/977, 3
﻿TECH1/983, 3
﻿TECH1/984, 8
﻿TECH1/985, 1
﻿TECH1/987, 14
﻿TECH1/993, 6
﻿TECH1/994, 1
﻿TECH1/996, 1
﻿TECH1/999, 5
﻿TECH2/102, 2
﻿TECH2/104, 12
﻿TECH2/107, 2
﻿TECH2/108, 6
﻿TECH2/109, 30
﻿TECH2/111, 105
﻿TECH2/112, 50
﻿TECH2/113, 100
﻿TECH2/114, 50
﻿TECH2/115, 9
﻿TECH2/116, 3
﻿TECH2/117, 10
﻿TECH2/118, 4
﻿TECH2/119, 3
﻿TECH2/126, 100
﻿TECH2/127, 20
﻿TECH2/139, 2
﻿TECH2/140, 40
﻿TECH2/145, 20
﻿TECH2/151, 20
﻿TECH2/155, 9
﻿TECH2/156, 29
﻿TECH2/157, 23
﻿TECH2/158, 13
﻿TECH2/159, 20
﻿TECH2/162, 1
﻿TECH2/163, 6
﻿TECH2/164, 1
﻿TECH2/166, 6
﻿TECH2/167, 11
﻿TECH2/168, 13
﻿TECH2/170, 39
﻿TECH2/175, 29
﻿TECH2/176, 50
﻿TECH2/178, 2
﻿TECH2/180, 21
﻿TECH2/184, 6
﻿TECH2/185, 20
﻿TECH2/189, 1
﻿TECH2/191, 18
﻿TECH2/194, 50
﻿TECH2/197, 30
﻿TECH2/208, 10
﻿TECH2/210, 3
﻿TECH2/36, 3
﻿TECH2/38, 2
﻿TECH2/40, 9
﻿TECH2/47, 30
﻿TECH2/48, 8
﻿TECH2/49, 14
﻿TECH2/5, 1
﻿TECH2/50, 11
﻿TECH2/51, 19
﻿TECH2/52, 40
﻿TECH2/53, 40
﻿TECH2/54, 62
﻿TECH2/66, 2
﻿TECH2/69, 3
﻿TECH2/75, 35
﻿TECH2/83, 2
﻿TECH2/84, 16
﻿TECH2/86, 19
﻿TECH2/90, 2
﻿TECH2/91, 90
﻿TECH2/95, 50
﻿TECH3/010, 10
﻿TECH3/013, 150
﻿TECH3/039, 300
﻿TECH3/056, 30
﻿TECH3/057, 30
﻿TK003, 30
﻿TLCRUISER04, 6
﻿TLCRUISER13, 3
﻿TLCRUISER15, 2
﻿TPRADO01, 4
﻿TPRADO017, 2
﻿TPRADO02, 2
﻿TPRADO03, 2
﻿TPRADO04, 3
﻿TPRADO05, 5
﻿TPRADO07, 2
﻿TPRADO08, 1
﻿TPRADO27, 1
﻿TPRADO30, 5
﻿TPRADO33, 5
﻿TPRADO34, 2
﻿TPRADO35, 1
﻿TPRADO36, 2
﻿TPRADO37, 2
﻿TPRADO38, 4
﻿TPRADO39, 1
﻿TPRADO40, 2
﻿TRAC004, 2
﻿TRAC007, 5
﻿TRAC008, 2
﻿TRAC011, 1
﻿TRAC012, 1
﻿TRAC013, 2
﻿TRAC015, 1
﻿TRAC016, 1
﻿TRAC017, 1
﻿TRAC018, 2
﻿TRAC019, 1
﻿TRAC020, 10
﻿TRAC022, 2
﻿TRAC024, 3
﻿TRAC025, 3
﻿TRAC026, 1
﻿TRAC027, 5
﻿TRAC028, 2
﻿TRAC029, 3
﻿TRAC031, 1
﻿TRAC032, 1
﻿TRAC033, 1
﻿TRAC034, 4
﻿TRAC035, 2
﻿TRAC036, 1
﻿TRAC038, 2
﻿TRAC042, 5
﻿TRAC051, 1
﻿TRAC053, 3
﻿TRAC055, 1
﻿TRAC058, 2
﻿TRAC064, 1
﻿TRAC065, 4
﻿TRAC066, 4
﻿TRAC067, 4
﻿TRAC068, 2
﻿TRAC069, 2
﻿TRAC070, 3
﻿TRAC071, 6
﻿TRAC084, 6
﻿TRAC085, 5
﻿TRAC086, 3
﻿TRAC090, 1
﻿TRAC106, 1
﻿TRAC107, 2
﻿TRAC108, 2
﻿TRAC109, 3
﻿TRAC130, 4
﻿TRAC148, 6
﻿TRAC196, 1
﻿TRAC197, 1
﻿TRAC199, 1
﻿TRAC213, 1
﻿TRAC243, 2
﻿TRAC254, 1
﻿TRAC264, 4
﻿TRAC265, 5
﻿TRAC281, 3
﻿TRAC282, 3
﻿TRAC283, 5
﻿TRAC284, 1
﻿TRAC285, 27
﻿TRAC286, 12
﻿TRAC287, 12
﻿TRAC288, 8
﻿TRAC289, 2
﻿TRAC290, 1
﻿TRAC291, 5
﻿TRAC292, 11
﻿TRAC293, 4
﻿TRAC294, 1
﻿TRAC295, 16
﻿TRAC296, 7
﻿TRAC297, 4
﻿TRAC298, 4
﻿TRAC299, 5
﻿TRAC300, 43
﻿TRAC301, 5
﻿TRAC302, 1
﻿TRAC303, 1
﻿TRAC304, 12
﻿TRAC305, 12
﻿TRAC306, 9
﻿TRAC307, 21
﻿TRAC308, 4
﻿TRAC309, 1
﻿TRAC310, 1
﻿TRAC311, 1
﻿TRAC312, 1
﻿TRAC313, 10
﻿TRAC314, 3
﻿TRAC315, 2
﻿TRAC316, 1
﻿TRAC317, 1
﻿TRAC318, 1
﻿TRAC319, 1
﻿TRAC320, 4
﻿TRAC321, 3
﻿TRAC322, 2
﻿TRAC323, 2
﻿TRAC324, 1
﻿TRAC325, 5
﻿TRAC326, 11
﻿TRAC327, 3
﻿TRAC328, 2
﻿TRAC329, 4
﻿TRAC330, 5
﻿TRAC331, 16
﻿TRAC332, 1
﻿TRAC333, 10
﻿TRAC334, 21
﻿TRAC335, 6
﻿TRAC336, 2
﻿TRAC337, 4
﻿TRAC338, 6
﻿TRAC339, 20
﻿TRAC340, 1
﻿TRAC341, 1
﻿TRAC342, 1
﻿TRAC343, 3
﻿TRAC344, 10
﻿TRAC345, 10
﻿TRAC346, 2
﻿TRAC347, 4
﻿TRAC348, 10
﻿TRAC349, 1
﻿TRAC350, 10
﻿TRAC351, 4
﻿TRAC352, 2
﻿TRAC353, 5
﻿TRAC354, 1
﻿TRAC355, 25
﻿TRAC356, 19
﻿TRAC357, 3
﻿TRAC358, 19
﻿TYRE008, 7
﻿TYRE028, 2
﻿UDCB31-02, 1
﻿UDCB31-03, 1
﻿UDCB31-04, 1
﻿UDCB31-07, 7
﻿UDCB31-08, 2
﻿UDCB31-10, 5
﻿UDCB31-11, 12
﻿UDCB31-12, 3
﻿UDCB31-14, 2
﻿UDCB31-17, 2
﻿UDCB31-18, 1
﻿UDCB31-19, 1
﻿UDCB31-20, 10
﻿UDCB31-21, 1
﻿UDCB31-22, 1
﻿UDCB31-23, 2
﻿UDCB31-24, 4
﻿UDCB31-25, 1
﻿UDCB31-26, 5
﻿UDCB31-27, 3
﻿UDCB31-28, 8
﻿UDCB31-29, 2
﻿UDCB31-30, 2
﻿UDCB31-31, 3
﻿UDCB31-33, 3
﻿UDCB31-40, 2
﻿UDCB31-49, 2
﻿UDCB31-52, 25
﻿UDCB3158, 7
﻿UDCB3160, 1
﻿UDCB3161, 1
﻿UDCB3162, 2
﻿UDCB3163, 3
﻿UDCB3164, 1
﻿UDCB3165, 1
﻿UDCB3166, 1
﻿UDCB3167, 2
﻿UDCB3168, 3
﻿UDCB3169, 5
﻿UDCB3170, 2
﻿UDCB3171, 10
﻿UDCB3173, 8
﻿UDCB3174, 1
﻿UDCB3175, 13
﻿UDCB3176, 3
﻿UDMK210-001, 7
﻿UDMK210-003, 4
﻿UDMK210-004, 6
﻿UDMK210-005, 4
﻿UDMK210-007, 9
﻿UDMK210-015, 1
﻿UDMK210-020, 2
﻿UDMK210-024, 2
﻿UDMK210-026, 1
